Final_taxon	Label	Total_ASVs	LNHKK59_12S_OBS1	LNHKK61_12S_OBS1	LNHKK62_12S_OBS1	LNHKK63_12S_OBS1	LNHKK64_12S_OBS1	LNHKK65_12S_OBS1	LNHKK66_12S_OBS1	LNHKK67_12S_OBS1	LNHKK69_12S_OBS1	LNHKK70_12S_OBS1	LNHKK71_12S_OBS1	LNHKK73_12S_OBS1	LNKB147_12S_OBS1	LNKB148_12S_OBS1	LNKB149_12S_OBS1	LNKWC17_12S_OBS1	LNKWC18_12S_OBS1	LNKWC19_12S_OBS1	LNKWC20_12S_OBS1	LNKWC21_12S_OBS1	LNKWC22_12S_OBS1	LNKWC23_12S_OBS1	LNKWC24_12S_OBS1	LNMAW11_12S_OBS1	LNMAW13_12S_OBS1	LNMAW14_12S_OBS1	LNMAW15_12S_OBS1	LNMAW16_12S_OBS1	LNMAW17_12S_OBS1	LNMAW18_12S_OBS1	LNMAW19_12S_OBS1	LNNKS15_12S_OBS1	LNNKS16_12S_OBS1	LNNKS17_12S_OBS1	LNSK15_12S_OBS1	LNSK16_12S_OBS1	LNSK17_12S_OBS1	LNSK20_12S	LNSK24_12S	LNSK28_12S_OBS1	LNSK46_12S	LNSK46_12S_OBS1	LNSK47_12S	LNSTU34_12S_OBS1	LNSTU37_12S_OBS1	LNSTU40_12S_OBS1	LNSTU41_12S_OBS1	LNSTU47_12S_OBS1	LNTYE25_12S_OBS1	LNTYE26_12S_OBS1	LNTYE27_12S_OBS1	LNTYE29_12S_OBS1	LNTYE30_12S_OBS1	LNTYE31_12S_OBS1	LNTYE33_12S_OBS1	LNTYE34_12S_OBS1	LNTYE35_12S_OBS1	LNTYE36_12S_OBS1	LNTYE38_12S_OBS1	LNTYE40_12S_OBS1	LNTYE41_12S_OBS1	LNTYE43_12S_OBS1	LNTYE45_12S_OBS1	LNTYE47_12S_OBS1	LNTYE48_12S_OBS1	LNTYE49_12S_OBS1	Total_read
p__Chordata;c__Mammalia;o__Carnivora;f__Mustelidae;g__Aonyx;s__cinereus	Host - AC	54	0	0	0	0	0	0	0	0	0	0	0	0	1771	28131	253	0	0	0	0	0	0	0	0	0	0	1147	1114	5007	6902	687	16687	97068	54141	111975	1556	1478	652	39296	57578	1451	54989	40545	50945	167790	212	29077	87	120	0	0	0	0	0	0	0	0	290	54430	204	169	82891	232	128	268	230	159	909660
p__Chordata;c__Mammalia;o__Carnivora;f__Mustelidae;g__Lutra;s__lutra	Host - LL	16	2136	2522	21383	14746	329	2627	14927	3447	5437	5164	2986	10206	0	0	24	83	116	83	31	29	163	132	31002	1706	56	14	0	0	13	0	16	13	0	28	0	0	601	0	0	0	1433	17	0	0	0	0	0	0	10304	454	24617	41518	38360	21911	2348	21677	24742	810	3918	15876	2734	12986	42694	34521	48326	23046	492312
p__Chordata;c__Mammalia;o__Carnivora;f__Mustelidae;g__Lutrogale;s__perspicillata	Host - LP	8	0	0	0	0	0	0	0	0	0	0	0	0	688	134	44865	11547	14308	9763	69	53	5557	16942	263	89	6449	11344	13310	105	64	15	60	233	412	341	84936	10010	49	36	48	5084	0	337	0	499	22126	169	65	95	0	11199	0	0	0	0	0	14	0	0	0	0	0	0	0	0	0	0	271278
No Hit	No Hit	155	181	20	754	785	10	38	72	111	1225	12	448	1378	3262	183	73485	12	10	67	1350	51	1	4	187	365	1097	0	2	24	58	23	40	276	133	272	396	594	310	15	5	127549	1065	392	3	273	76303	333	424	2155	113	19	517	2675	761	322	216	637	301	22	197	37	59	49	3190	245	1019	1934	308066
p__Chordata;c__Mammalia;o__Primates	Artifact  - Primates	1	0	0	0	0	0	0	0	0	0	0	0	0	0	0	0	0	0	0	0	0	0	0	0	0	0	0	0	0	0	0	0	0	0	0	0	0	0	0	0	0	0	0	0	0	0	0	0	0	0	0	0	0	0	0	0	0	0	0	0	0	0	0	0	79	0	0	79
p__Chordata;c__Mammalia;o__Primates;f__Cercopithecidae	Artifact  - Primates	5	0	0	0	0	0	0	0	0	0	0	0	0	0	0	0	0	0	0	0	0	0	0	0	0	0	0	0	0	0	0	0	0	0	0	0	0	0	0	0	0	0	0	0	0	0	0	0	0	0	0	0	0	0	0	0	0	0	0	0	0	0	0	0	107	0	0	107
p__Chordata;c__Mammalia;o__Primates;f__Cercopithecidae;g__Macaca	Artifact  - Primates	4	0	0	0	0	0	0	0	0	0	0	0	0	0	0	41	0	0	0	0	0	0	0	0	0	0	0	0	0	0	0	0	0	0	0	0	0	0	0	0	0	0	0	0	0	0	0	0	0	0	0	0	0	0	0	0	0	8	0	11	14	12	11	0	2502	10	5	2614
p__Chordata;c__Mammalia;o__Primates;f__Cercopithecidae;g__Macaca;s__assamensis	Artifact  - Primates	1	0	0	0	0	0	0	0	0	0	0	0	0	0	0	0	0	0	0	0	0	0	0	0	0	0	0	0	0	0	0	0	0	0	0	0	0	0	0	0	0	0	0	0	0	0	0	0	0	0	0	0	0	0	0	0	0	0	0	0	0	0	0	0	91	0	0	91
p__Chordata;c__Mammalia;o__Primates;f__Hominidae	Artifact  - Primates	6	0	0	0	0	171	0	0	0	0	0	0	0	0	0	0	0	0	0	295	3	0	0	0	0	0	0	0	0	0	0	25	195	0	0	0	24	0	0	0	0	0	2	0	0	3	0	0	0	0	0	0	0	0	0	0	0	0	0	0	0	0	0	0	0	0	0	718
p__Chordata;c__Mammalia;o__Primates;f__Hominidae;g__Homo;s__sapiens	Artifact  - Primates	11	38	103	51	15	16732	34	13	22	27	25	28	241	965	23	56	43	31	30	15278	11	35	33	509	1020	19	64	232	96	24	33	35364	19741	41	726	201	1296	313	18	1917	45	16	13143	13	7047	127	23	24	9262	16	80	29	51	6	19	213	7212	752	6	137	5621	11	0	0	230	20	0	139551
p__Chordata;c__Mammalia;o__Artiodactyla;f__Bovidae	Artifact - Artiodactyla	2	0	0	0	0	0	0	0	0	0	0	0	0	0	0	0	48	0	0	0	0	0	34	0	0	0	0	0	0	0	0	0	0	0	0	0	0	0	0	0	0	0	0	0	0	0	0	0	0	0	0	0	0	0	0	0	0	0	0	0	0	0	0	0	0	0	0	82
p__Chordata;c__Mammalia;o__Artiodactyla;f__Bovidae;g__Bos	Artifact - Artiodactyla	1	0	0	0	0	0	44	0	0	0	0	0	0	0	0	0	0	0	0	0	0	0	0	0	0	0	0	0	0	0	0	0	0	0	0	0	0	0	0	0	0	0	0	0	0	0	0	0	0	0	0	0	0	0	0	0	0	0	0	0	0	0	0	0	0	0	0	44
p__Chordata;c__Mammalia;o__Artiodactyla;f__Bovidae;g__Bos;s__taurus	Artifact - Artiodactyla	1	0	0	0	0	0	0	0	0	0	0	0	0	0	0	0	0	0	0	0	0	0	0	0	0	0	0	0	0	17	8	27	0	0	0	0	0	0	0	0	0	0	0	289	0	0	0	0	0	0	0	0	0	0	0	0	15	0	0	0	0	0	0	0	0	0	0	356
p__Chordata;c__Mammalia;o__Artiodactyla;f__Cervidae	Artifact - Artiodactyla	1	0	2	9	0	0	0	0	0	0	0	0	4	0	0	0	0	0	0	0	0	0	0	0	0	0	0	0	0	0	0	0	0	0	0	0	0	0	0	0	0	0	0	0	0	0	0	0	0	0	0	0	0	0	0	0	0	10	0	0	0	0	0	0	9	5	16	55
p__Chordata;c__Mammalia;o__Artiodactyla;f__Cervidae;g__Rusa;s__unicolor	Artifact - Artiodactyla	1	0	11	0	0	0	0	0	0	0	0	0	10	0	0	0	0	0	0	0	0	0	0	0	0	0	0	0	0	0	0	0	0	0	0	0	0	0	0	0	0	0	0	0	0	0	0	0	0	0	0	0	0	0	0	0	0	0	0	0	0	0	0	0	0	0	0	21
p__Chordata;c__Mammalia;o__Artiodactyla;f__Suidae	Artifact - Artiodactyla	1	0	0	0	0	0	0	0	0	0	0	0	0	0	0	0	0	5	0	0	0	0	0	0	0	0	0	0	0	0	0	0	0	0	0	0	0	0	0	0	0	0	0	0	0	0	0	0	0	0	0	0	0	0	0	0	0	0	0	0	0	0	0	0	0	0	0	5
p__Chordata;c__Mammalia;o__Artiodactyla;f__Suidae;g__Sus;s__scrofa	Artifact - Artiodactyla	3	20	20	49	43	32	22	29	63	2777	34	0	12	23	8	21	4	0	0	0	0	38	0	0	0	0	32	47	66	43	32	68	3	0	0	4	3	2660	320	18	2	12	9	4904	4590	5	5	8	0	0	114	50	0	0	0	0	6	765	0	3	4	0	2	0	0	0	0	16970
p__Chordata;c__Mammalia;o__Chiroptera;f__Molossidae;g__Mops;s__plicatus	Artifact - Chiroptera	1	0	0	0	0	0	0	0	0	0	0	2	0	0	0	0	0	0	0	0	0	0	0	0	0	0	0	0	0	0	0	0	0	0	0	0	0	0	0	0	0	0	0	0	0	0	0	0	0	0	0	0	0	0	0	0	0	0	0	0	0	0	0	0	0	0	0	2
p__Chordata;c__Mammalia;o__Rodentia;f__Muridae;g__Rattus	Artifact - Rodent	2	0	0	0	0	0	0	0	0	0	0	0	0	0	0	0	0	0	0	0	0	0	0	0	0	0	0	0	0	0	0	0	0	0	0	0	0	0	0	0	0	0	0	0	0	0	0	0	0	0	0	0	0	0	0	0	0	0	3	6	4601	10	8	4	3	9	9	4653
p__Chordata;c__Mammalia;o__Rodentia;f__Sciuridae	Artifact - Rodent	1	0	0	0	0	0	0	0	0	0	0	0	0	0	0	0	0	0	0	0	0	0	0	0	0	0	0	0	0	0	0	0	0	0	0	0	0	0	0	0	0	0	0	0	0	0	0	0	0	0	0	0	0	0	0	0	0	19	0	0	0	0	0	0	0	0	0	19
p__Chordata;c__Mammalia;o__Rodentia;f__Sciuridae;g__Callosciurus;s__caniceps	Artifact - Rodent	1	0	0	0	0	0	0	0	0	0	0	0	0	0	0	0	0	0	0	0	0	0	0	0	0	0	0	0	0	0	0	0	0	0	0	0	0	0	0	0	0	0	0	0	0	0	0	0	0	0	0	0	0	0	0	0	0	0	0	0	0	0	0	0	0	0	19	19
p__Chordata;c__Mammalia;o__Scandentia;f__Tupaiidae;g__Tupaia	Artifact - Rodent	1	0	0	0	0	0	0	0	0	0	0	0	0	0	0	0	0	0	0	0	0	0	0	0	0	0	0	0	0	0	0	0	0	0	0	0	0	0	0	0	0	0	0	0	0	0	0	0	0	0	0	0	0	0	0	0	0	147	0	0	0	0	0	0	0	0	0	147
p__Chordata;c__Mammalia;o__Carnivora	Artifact (Carnivora)	11	0	0	0	0	0	0	0	0	23	0	0	12	837	0	0	0	0	0	0	0	0	0	0	0	0	0	0	0	0	0	0	0	215	0	0	0	0	0	6	0	0	0	0	10	17	0	377	1188	0	0	0	0	0	0	0	0	0	0	0	0	0	0	0	0	15	0	2700
p__Chordata;c__Mammalia;o__Carnivora;f__Canidae;g__Canis	Artifact (Carnivora) - Canis sp.	2	0	0	0	0	0	0	0	0	0	0	0	0	0	0	0	0	0	0	0	0	0	0	0	0	0	0	0	0	0	0	114	0	0	0	8	0	0	0	0	0	0	0	0	0	0	0	0	0	0	0	0	0	0	0	0	0	0	0	0	0	0	0	0	0	0	0	122
p__Chordata;c__Mammalia;o__Carnivora;f__Canidae;g__Cuon;s__alpinus	Artifact (Carnivora) - Cuon alpinus	1	0	0	0	0	0	0	0	0	0	0	0	0	0	0	0	0	0	0	0	0	0	0	0	0	0	0	0	0	0	0	0	0	0	0	0	0	0	0	0	0	0	0	0	0	0	0	0	0	0	0	0	0	0	0	0	0	24	0	0	0	0	0	0	0	0	0	24
p__Chordata;c__Mammalia;o__Carnivora;f__Mustelidae;g__Lutra	Artifact (Carnivora) - Lutra sp.	1	0	0	0	0	0	0	0	0	0	0	0	0	0	0	0	0	0	0	0	0	0	0	0	0	0	0	0	0	0	0	0	0	0	0	0	0	0	0	0	0	0	0	0	0	0	0	0	0	0	0	0	0	0	0	0	2	0	0	0	0	0	0	0	0	0	0	2
p__Chordata;c__Mammalia;o__Carnivora;f__Mustelidae;g__Martes	Artifact (Carnivora) - Martes sp.	2	10	5	114	0	0	0	19	6	92	0	44	64	0	0	57	30	38	24	0	0	7	0	0	0	0	0	0	0	0	0	0	0	0	0	9	14	0	0	0	13	0	0	0	0	0	0	0	0	29	9	76	145	78	70	0	0	27	0	11	5	0	0	106	32	108	87	1329
p__Chordata;c__Mammalia;o__Carnivora;f__Mustelidae	Artifact (Carnivora) - Mustelidae	1	0	0	0	0	0	0	0	0	0	0	0	0	0	0	0	110	0	99	0	0	0	0	0	0	0	0	0	0	0	0	0	0	0	0	0	0	0	0	0	0	0	0	0	0	0	0	0	0	0	0	0	0	0	0	0	0	0	0	0	0	0	0	0	0	0	0	209
p__Chordata;c__Mammalia;o__Carnivora;f__Viverridae;g__Paguma;s__larvata	Artifact (Carnivora) - Paguma larvata	2	0	0	0	0	0	0	0	0	0	0	0	0	0	0	0	0	0	0	0	0	0	0	0	0	0	0	0	0	0	0	0	0	0	0	0	0	0	0	0	0	0	0	0	0	0	0	0	0	0	0	40	0	0	0	0	0	0	0	0	0	0	0	0	0	0	0	40
p__Chordata;c__Mammalia;o__Carnivora;f__Felidae;g__Panthera;s__leo	Artifact (Carnivora) - Panthera leo	1	0	0	0	0	0	0	0	0	0	0	0	0	0	0	0	0	0	0	0	0	0	0	0	0	0	0	0	0	0	0	0	0	0	0	0	0	0	0	0	0	0	0	0	0	0	0	0	0	0	17	0	0	0	0	0	0	0	0	0	0	0	0	0	0	0	0	17
p__Chordata;c__Mammalia;o__Carnivora;f__Viverridae;g__Paradoxurus	Artifact (Carnivora) - Paradoxurus sp.	23	0	0	0	0	0	0	0	0	0	0	0	0	2538	0	0	0	0	0	0	0	0	0	0	0	0	0	0	0	0	0	0	0	5	0	0	0	0	0	0	0	0	0	0	0	0	0	445	1829	0	0	0	0	0	0	0	0	0	0	0	0	0	0	0	0	0	0	4817
p__Chordata;c__Mammalia;o__Carnivora;f__Viverridae;g__Paradoxurus;s__hermaphroditus	Artifact (Carnivora) - Paradoxurus hermaphroditus	2	0	0	0	0	0	7	0	0	0	0	13	674	144126	590	1187	0	0	0	0	0	0	0	13	0	0	258	0	0	0	0	0	269	25358	230	311	324	93	0	0	279	0	177	0	1223	993	664	58557	73107	0	0	0	3	0	0	0	0	0	0	0	0	0	0	0	0	0	0	308456
p__Chordata;c__Mammalia;o__Carnivora;f__Felidae;g__Prionailurus;s__bengalensis	Artifact (Carnivora) - Prionailurus bengalensis	1	0	0	0	0	0	0	0	0	0	0	0	0	0	0	0	27	0	0	0	0	0	0	0	0	0	0	0	0	0	0	0	0	0	0	0	0	0	0	0	0	0	0	0	0	0	0	0	0	0	0	0	0	0	0	0	0	0	0	0	0	0	0	0	0	0	0	27
p__Chordata;c__Mammalia;o__Carnivora;f__Felidae;g__Prionailurus	Artifact (Carnivora) - Prionailurus sp.	1	0	8	0	0	0	0	0	0	0	0	0	38	0	0	0	0	0	9	0	0	0	0	0	0	0	0	0	0	0	0	0	0	0	0	0	0	0	0	0	0	0	0	0	0	0	0	0	0	0	0	0	0	0	0	0	0	0	0	0	0	0	0	0	0	0	18	73
p__Chordata;c__Mammalia;o__Carnivora;f__Viverridae;g__Viverra;s__zibetha	Artifact (Carnivora) - Viverra zibetha	1	0	0	0	0	0	0	0	0	0	0	0	0	0	0	0	0	0	0	0	0	0	0	0	0	0	0	0	0	0	0	0	0	0	0	0	0	0	0	0	0	0	0	0	0	0	0	0	0	6	0	0	0	0	0	0	0	0	0	0	0	0	0	0	0	0	0	6
p__Chordata;c__Amphibia;o__Anura	Prey - Amphibia	6	0	0	0	0	0	0	0	0	0	0	153	182	0	0	0	0	0	0	0	0	0	0	0	0	0	0	0	0	0	0	0	0	0	0	0	0	0	0	0	0	0	0	0	0	0	0	0	0	106	189	312	352	11239	177	11785	3112	0	0	74	0	0	0	0	0	0	0	27681
p__Chordata;c__Amphibia;o__Anura;f__Dicroglossidae	Prey - Amphibia	15	0	0	0	0	0	0	0	0	0	0	10	17	0	0	0	25	0	0	0	7956	0	7	24	11	0	0	0	8	0	5	0	0	0	0	0	0	0	418	0	0	0	0	0	0	0	0	0	0	7	1073	44	15	18	4866	2884	13	154	0	10	0	368	51	0	0	0	0	17984
p__Chordata;c__Amphibia;o__Anura;f__Dicroglossidae;g__Fejervarya	Prey - Amphibia	4	0	0	0	0	0	0	0	0	0	0	0	0	6787	69	143	0	0	0	0	0	0	0	0	0	0	4	0	4	13	6	7	3	2	0	5	3	4334	0	0	4	0	5	358	73	166	86	14676	44	0	0	0	0	0	0	0	0	0	0	0	0	0	0	0	0	0	0	26792
p__Chordata;c__Amphibia;o__Anura;f__Dicroglossidae;g__Fejervarya;s__cancrivora	Prey - Amphibia	1	0	0	0	0	0	0	0	0	0	0	0	0	0	0	0	0	0	0	0	0	0	0	0	0	0	0	0	0	0	0	0	0	0	0	0	0	0	0	0	0	0	0	0	0	0	0	210	0	0	0	0	0	0	0	0	0	0	0	0	0	0	0	0	0	0	0	210
p__Chordata;c__Amphibia;o__Anura;f__Dicroglossidae;g__Fejervarya;s__limnocharis	Prey - Amphibia	2	18101	166	21	18	24	25	13	16	8	17	0	0	0	0	0	0	0	0	0	0	0	0	0	0	0	0	0	0	0	0	0	0	0	0	0	0	0	0	0	0	0	0	0	0	0	0	0	0	0	0	0	0	0	135	0	0	0	0	0	0	0	0	0	0	0	0	18544
p__Chordata;c__Amphibia;o__Anura;f__Dicroglossidae;g__Limnonectes	Prey - Amphibia	6	0	0	0	0	0	0	0	0	0	0	176	277	0	0	0	0	21	0	5	8980	30	0	0	0	15	0	0	0	0	0	0	0	0	0	0	0	1587	0	0	0	0	0	0	0	0	0	0	0	17684	8889	19740	637	4086	17701	8801	304	43566	137	26154	5649	36518	88969	19030	1003	4263	4104	318326
p__Chordata;c__Amphibia;o__Anura;f__Dicroglossidae;g__Limnonectes;s__taylori	Prey - Amphibia	1	0	0	0	0	0	0	0	0	0	0	0	0	0	0	0	0	0	0	0	0	0	0	0	0	0	0	0	0	0	0	0	0	0	0	0	0	0	0	0	0	0	0	0	0	0	0	0	0	0	0	590	0	0	0	0	0	0	0	0	0	0	0	0	0	0	0	590
p__Chordata;c__Amphibia;o__Anura;f__Megophryidae	Prey - Amphibia	3	0	0	0	0	0	0	0	0	0	0	0	0	0	0	0	0	0	0	0	0	0	0	0	0	0	0	0	0	0	0	0	0	0	0	0	0	0	0	0	0	0	0	0	0	0	0	0	0	10	0	200	0	0	161	0	0	6	0	10	0	0	0	2	3	608	0	1000
p__Chordata;c__Amphibia;o__Anura;f__Megophryidae;g__Leptobrachium	Prey - Amphibia	2	0	0	0	0	0	0	0	0	0	0	0	0	0	0	0	0	0	0	0	0	0	0	0	0	0	0	0	0	0	0	0	0	0	0	0	0	0	0	0	0	0	0	0	0	0	0	0	0	0	0	107	0	0	0	0	70	0	0	0	0	0	0	0	0	0	0	177
p__Chordata;c__Amphibia;o__Anura;f__Megophryidae;g__Leptobrachium;s__smithi	Prey - Amphibia	1	0	0	0	0	0	0	0	0	0	0	7	21	0	0	0	0	0	0	0	0	0	0	0	0	0	0	0	0	0	0	0	0	0	0	0	0	0	0	0	0	0	0	0	0	0	0	0	0	107	10	215	18	20	2540	639	3528	5	4	10544	0	6	7	5	2	9	166	17853
p__Chordata;c__Amphibia;o__Anura;f__Microhylidae;g__Microhyla	Prey - Amphibia	3	0	0	0	0	0	0	0	0	0	0	0	0	0	0	0	0	0	0	0	0	0	0	0	0	0	0	0	0	0	0	0	0	0	0	0	0	0	0	0	0	0	0	0	0	0	0	0	0	0	0	0	0	0	0	0	0	34	8	20011	6	12	41	7	18	18	7	20162
p__Chordata;c__Amphibia;o__Anura;f__Ranidae	Prey - Amphibia	15	0	0	0	0	0	0	0	0	0	0	23	0	0	0	0	0	0	0	0	0	0	0	0	0	0	0	0	0	0	0	0	0	0	0	0	0	674	0	0	3	0	0	0	0	0	0	0	0	185	0	5236	22	621	16	0	0	103479	231	69051	4126	16453	28638	306	52892	24881	24157	330994
p__Chordata;c__Amphibia;o__Anura;f__Ranidae;g__Hylarana	Prey - Amphibia	1	0	0	0	0	0	0	0	0	0	0	0	0	0	0	0	0	0	0	0	0	0	0	0	0	0	0	0	0	0	0	0	0	0	0	0	0	0	0	0	0	0	0	0	0	0	0	0	0	0	0	0	0	0	0	0	0	87	0	0	0	0	50	0	0	4028	0	4165
p__Chordata;c__Amphibia;o__Anura;f__Ranidae;g__Hylarana;s__erythraea	Prey - Amphibia	3	9	0	0	0	0	0	0	0	0	0	0	0	0	0	0	0	0	0	0	0	0	0	0	0	0	15	10	20	32	10	20	0	0	0	0	0	0	0	0	0	1563	0	0	0	0	0	0	0	0	0	0	0	0	0	0	0	0	0	0	0	0	0	0	0	0	0	1679
p__Chordata;c__Amphibia;o__Anura;f__Ranidae;g__Hylarana;s__nigrovittata	Prey - Amphibia	1	0	0	0	0	0	0	0	0	0	0	0	0	0	0	0	0	0	0	0	0	0	0	0	0	0	0	0	0	0	0	0	0	0	0	0	0	0	0	0	0	0	0	0	0	0	0	0	0	0	0	0	0	0	0	0	0	5721	0	1266	0	459	1964	0	0	9031	0	18441
p__Chordata;c__Amphibia;o__Anura;f__Ranidae;g__Odorrana;s__zhaoi	Prey - Amphibia	1	0	0	0	0	0	0	0	0	0	0	0	4	0	0	0	0	0	0	0	0	0	0	0	0	0	0	0	0	0	0	0	0	0	0	0	0	0	0	0	0	0	0	0	0	0	0	0	0	376	0	360	0	0	0	0	0	32	5	21	9	5475	25	7	21	695	43	7073
p__Chordata;c__Amphibia;o__Anura;f__Ranidae;g__Wijayarana;s__melasma	Prey - Amphibia	1	0	0	0	0	0	0	0	0	0	0	0	0	0	0	0	0	0	0	0	0	0	0	0	0	0	0	0	0	0	0	0	0	0	0	0	0	0	0	0	0	0	0	0	0	0	0	0	0	0	0	0	0	0	0	0	0	66	15	73	21	45	76	23	43	8931	712	10005
p__Chordata;c__Amphibia;o__Anura;f__Rhacophoridae;g__Polypedates	Prey - Amphibia	3	0	0	0	0	0	0	0	0	0	0	0	0	0	0	0	0	0	0	0	0	0	0	0	0	0	0	0	0	0	0	0	0	0	0	0	0	286	0	0	0	0	0	0	0	0	0	0	0	0	0	0	0	0	0	0	0	0	0	0	0	0	0	0	0	0	0	286
p__Chordata;c__Amphibia;o__Anura;f__Rhacophoridae;g__Polypedates;s__impresus	Prey - Amphibia	2	23	29	15	13	17	19784	8	11	14	8	0	0	0	0	0	0	0	0	0	0	0	0	0	0	0	0	0	0	0	0	0	3	0	0	6	12	4259	0	0	4	0	0	0	0	0	0	0	0	0	0	0	0	0	0	0	0	0	0	0	0	0	0	0	0	0	0	24206
p__Chordata;c__Aves;o__Galliformes;f__Phasianidae;g__Pavo	Prey - Aves	1	0	0	0	0	0	0	0	0	0	0	0	28	0	0	0	0	0	0	0	0	0	0	0	0	0	0	0	0	0	0	0	0	0	0	0	0	0	0	0	0	0	0	0	0	0	0	0	0	0	0	0	0	0	0	0	0	0	0	0	0	0	0	0	0	0	0	28
p__Chordata;c__Aves;o__Gruiformes;f__Rallidae;g__Porphyrio	Prey - Aves	2	0	0	0	0	0	0	0	0	0	0	0	0	0	0	0	0	0	0	0	0	0	0	0	0	0	0	0	0	0	0	0	0	0	0	0	0	0	0	0	0	0	0	0	0	0	0	0	0	0	0	0	0	0	0	0	0	8	0	3	2161	0	0	0	6	0	4	2182
p__Chordata;c__Aves;o__Passeriformes	Prey - Aves	2	0	0	0	0	0	0	0	0	0	0	0	0	0	0	0	0	0	0	0	0	0	6	0	0	0	0	0	0	0	0	0	0	0	0	0	0	0	0	0	0	0	0	0	0	0	0	0	0	0	0	0	0	0	0	71	0	0	0	0	0	0	0	0	0	7	0	84
p__Chordata;c__Aves;o__Passeriformes;f__Petroicidae;g__Peneothello;s__sigillata	Prey - Aves	1	0	0	0	0	0	0	0	0	0	0	0	0	0	0	0	0	0	0	0	0	0	0	0	0	0	0	0	0	0	0	0	0	0	0	0	0	0	0	0	0	0	0	0	0	0	0	0	0	0	0	0	0	0	0	0	3	0	0	0	0	0	0	0	0	0	0	3
p__Chordata;c__Aves;o__Passeriformes;f__Pycnonotidae;g__Iole;s__propinqua	Prey - Aves	1	0	0	0	0	0	0	0	0	0	0	0	0	0	0	0	0	0	0	0	0	0	0	55	0	0	0	0	0	0	0	0	0	0	0	0	0	0	0	0	0	0	0	0	0	0	0	0	0	0	0	0	0	0	0	0	0	0	0	0	0	0	0	0	0	0	0	55
p__Chordata;c__Aves;o__Passeriformes;f__Pycnonotidae;g__Pycnonotus;s__melanicterus	Prey - Aves	1	0	0	0	0	0	0	0	0	0	0	0	0	0	0	0	0	0	0	0	0	0	13	0	0	0	0	0	0	0	0	0	0	0	0	0	0	0	0	0	0	0	0	0	0	0	0	0	0	0	0	0	0	0	0	0	0	0	0	0	0	0	0	0	0	0	0	13
p__Chordata;c__Aves;o__Passeriformes;f__Turdidae;g__Erithacus;s__rubecula	Prey - Aves	1	0	0	0	0	0	0	0	0	0	0	0	0	0	0	0	0	0	0	0	0	0	0	0	0	0	0	0	0	0	0	0	0	0	0	0	0	0	0	0	0	0	0	0	0	0	0	0	0	0	0	22	0	0	0	0	0	0	0	0	0	0	0	0	0	0	0	22
p__Chordata;c__Aves;o__Pelecaniformes;f__Ardeidae;g__Ardea;s__cinerea	Prey - Aves	1	0	0	0	0	0	0	0	0	0	0	0	0	0	0	0	0	0	0	0	0	0	0	0	0	0	0	0	0	0	0	0	0	0	0	0	0	0	0	0	41	0	0	0	0	0	0	0	0	0	0	0	0	0	0	0	0	0	0	0	0	0	0	0	0	0	0	41
p__Chordata;c__Aves;o__Pelecaniformes;f__Ardeidae;g__Ardeola;s__bacchus	Prey - Aves	1	0	0	0	0	0	0	0	0	0	0	0	0	0	0	0	0	0	0	0	0	0	0	0	0	0	0	0	40	0	0	0	0	0	0	0	0	0	0	0	0	0	0	0	0	0	0	0	0	0	0	0	0	0	0	0	0	0	0	0	0	0	0	0	0	0	0	40
p__Chordata;c__Aves;o__Pelecaniformes;f__Ardeidae;g__Butorides;s__striata	Prey - Aves	1	0	0	0	0	0	0	0	0	0	0	0	145	0	0	0	0	0	0	0	0	0	0	0	0	0	0	0	0	0	0	0	0	0	0	0	0	0	0	0	0	0	0	0	0	0	0	0	0	16	0	0	0	0	0	0	0	0	0	0	0	0	0	0	0	0	0	161
p__Chordata;c__Aves;o__Pelecaniformes;f__Ardeidae;g__Nycticorax;s__nycticorax	Prey - Aves	4	0	0	0	0	0	0	0	0	0	0	0	0	0	0	0	0	0	0	0	0	0	0	0	0	0	35	32	40	41029	15	16	0	0	0	0	0	0	6	19	0	7	0	4	0	0	0	0	0	0	0	0	0	0	0	0	0	0	0	0	0	0	0	0	0	0	0	41203
p__Chordata;c__Aves;o__Strigiformes;f__Strigidae;g__Bubo;s__flavipes	Prey - Aves	8	0	0	0	0	0	0	0	0	0	0	0	0	0	0	0	216	181	176	78	54	217	96	5242	64577	115	0	0	0	0	0	0	0	0	0	0	0	0	0	0	0	0	0	0	0	0	0	0	0	0	0	0	0	0	0	0	0	0	0	0	0	0	0	0	0	0	0	70952
p__Chordata;c__Aves;o__Suliformes;f__Phalacrocoracidae;g__Phalacrocorax	Prey - Aves	4	0	0	0	0	0	0	0	0	0	0	0	0	0	0	0	9	20	23	22	11267	13	2	10	9	9	0	0	31	0	0	0	0	0	0	0	0	0	0	0	3	0	0	0	0	0	0	0	0	0	0	0	0	0	0	0	0	0	0	0	0	0	0	0	0	0	0	11418
p__Chordata;c__Actinopteri;o__Anabantiformes;f__Anabantidae	Prey - Fish	1	0	0	0	0	0	0	0	0	0	0	0	0	0	0	0	0	0	0	0	0	0	0	0	0	0	0	0	0	0	0	0	0	3	0	0	0	0	0	0	0	0	0	0	0	0	0	0	0	0	0	0	0	0	0	0	0	0	0	0	0	0	0	0	0	0	0	3
p__Chordata;c__Actinopteri;o__Anabantiformes;f__Anabantidae;g__Anabas	Prey - Fish	7	0	0	0	0	0	0	0	0	0	0	0	0	0	0	0	0	0	0	0	0	0	0	0	0	0	0	0	0	0	0	0	0	0	0	0	0	0	48	0	10	112	2466	0	0	0	0	0	0	0	0	0	0	0	0	0	0	0	0	0	0	0	0	0	0	0	0	2636
p__Chordata;c__Actinopteri;o__Anabantiformes;f__Anabantidae;g__Anabas;s__testudineus	Prey - Fish	6	0	0	0	0	0	0	0	0	0	0	0	0	0	0	0	0	0	0	0	0	0	0	0	0	0	73	75	94	131	40	57	296	136	180	741	123223	463	674	20	12034	7276	46184	11	0	0	0	0	0	0	0	0	0	0	0	0	0	0	0	0	0	0	0	0	0	0	0	191708
p__Chordata;c__Actinopteri;o__Anabantiformes;f__Channidae	Prey - Fish	1	0	0	0	0	0	0	0	0	0	0	0	0	0	0	0	0	0	0	0	0	0	0	0	0	0	0	0	0	0	0	0	0	0	0	0	0	0	0	0	0	0	0	0	0	0	0	0	0	0	0	0	0	0	3	0	0	0	0	0	0	0	0	0	0	0	0	3
p__Chordata;c__Actinopteri;o__Anabantiformes;f__Channidae;g__Channa	Prey - Fish	36	0	0	0	0	0	722	0	63	0	93	0	7	0	0	0	0	0	0	169	0	0	0	0	0	0	0	0	515	1026	11700	1196	0	0	0	0	0	951	0	0	0	0	0	0	0	0	0	0	0	0	0	0	0	56	0	0	1752	0	370	0	805	0	0	0	0	0	0	19425
p__Chordata;c__Actinopteri;o__Anabantiformes;f__Channidae;g__Channa;s__gachua	Prey - Fish	6	367	1519	374	3750	23302	38392	4223	30791	5602	20646	1195	425	0	0	0	516	281	9663	52	17	58613	29	135	45	86	859	971	191878	38618	59504	70932	0	0	0	0	0	10990	0	0	0	2772	0	311	0	0	0	0	0	816	96	114	640	2321	116	20631	2002	241	25462	1120	43751	2469	253	65	29437	1717	170	708279
p__Chordata;c__Actinopteri;o__Anabantiformes;f__Channidae;g__Channa;s__micropeltes	Prey - Fish	1	0	0	0	0	0	0	0	0	0	0	0	0	0	0	0	0	0	0	0	0	0	0	0	0	0	0	0	0	0	0	0	17	15	20	21	54	12	0	0	8361	0	37	0	0	0	0	0	0	0	0	0	0	0	0	0	0	0	0	0	0	0	0	0	0	0	0	8537
p__Chordata;c__Actinopteri;o__Anabantiformes;f__Channidae;g__Channa;s__striata	Prey - Fish	8	0	0	0	0	28	0	0	0	0	0	33	50	0	0	0	85	157	159	15382	31	140	32	80	50	24520	19	63	19	10	16	16	20	15	15	32	53	4358	0	1762	6064	0	33	0	0	0	0	0	0	12	20	13	31	2655	12	18	5	0	5	9	3392	7	5	0	4	4	0	59434
p__Chordata;c__Actinopteri;o__Anabantiformes;f__Osphronemidae;g__Trichopodus	Prey - Fish	3	0	0	0	0	0	0	0	0	0	0	0	0	0	0	0	0	0	0	0	0	0	0	0	0	0	229	181	290	167	100	155	26	6	19	75	151	24	11709	113	103	9245	18192	48	0	0	0	0	0	0	0	0	0	0	0	0	0	0	0	0	0	0	0	0	0	0	0	40833
p__Chordata;c__Actinopteri;o__Anabantiformes;f__Osphronemidae;g__Trichopsis;s__vittata	Prey - Fish	3	0	0	0	0	0	0	0	0	0	0	0	0	0	0	0	0	0	0	0	0	0	0	0	0	0	107	125	96	124	70	114	0	0	0	0	0	20	1542	33	34	26	0	8114	0	0	0	0	0	0	0	0	0	0	0	0	0	0	0	0	0	0	0	0	0	0	0	10405
p__Chordata;c__Actinopteri;o__Anabantiformes;f__Pristolepididae;g__Pristolepis	Prey - Fish	2	0	0	0	0	0	0	0	0	0	0	0	0	0	0	0	0	0	0	0	0	0	0	0	0	0	0	0	0	0	0	0	0	0	0	0	0	0	0	0	0	0	0	0	0	0	0	0	0	0	0	0	0	0	0	0	0	6	2	11	4005	0	7	0	17	10	12	4070
p__Chordata;c__Actinopteri;o__Anabantiformes;f__Pristolepididae;g__Pristolepis;s__fasciata	Prey - Fish	4	0	0	0	0	0	0	0	0	0	0	0	0	0	0	0	0	0	0	0	230	5	0	0	0	399	17896	286	227	60	90	140	47	21	37	61	148	186	25	18680	18831	43	107	40	0	0	0	0	0	0	0	0	0	0	0	0	0	0	0	0	0	0	0	0	0	0	0	57559
p__Chordata;c__Actinopteri;o__Anguilliformes;f__Ophichthidae;g__Pisodonophis;s__boro	Prey - Fish	3	0	0	0	0	0	0	0	0	0	0	0	0	5	6	4698	0	0	0	0	0	0	0	0	0	0	0	0	0	0	0	0	0	0	0	0	0	0	0	0	0	0	0	0	5	1	5	0	2	0	0	0	0	0	0	0	0	0	0	0	0	0	0	0	0	0	0	4722
p__Chordata;c__Actinopteri;o__Batrachoidiformes;f__Batrachoididae;g__Batrachomoeus	Prey - Fish	1	0	0	0	0	0	0	0	0	0	0	0	0	34	8	100	0	0	0	0	0	0	0	0	0	0	0	0	0	0	0	0	0	0	0	0	0	0	0	0	0	0	0	0	6	5585	8	8	3	0	0	0	0	0	0	0	0	0	0	0	0	0	0	0	0	0	0	5752
p__Chordata;c__Actinopteri;o__Beloniformes;f__Belonidae	Prey - Fish	1	0	0	0	0	0	0	0	0	4	0	0	0	0	0	0	0	0	0	0	0	0	0	0	0	0	0	0	0	0	0	0	0	0	0	0	0	0	0	0	0	0	0	0	0	0	0	0	0	0	0	0	0	0	0	0	0	0	0	0	0	0	0	0	0	0	0	4
p__Chordata;c__Actinopteri;o__Beloniformes;f__Belonidae;g__Xenentodon;s__cancila	Prey - Fish	7	144	7521	207	1281	99	193	133	221	34093	147	0	0	0	0	0	0	0	0	0	0	0	0	0	0	0	63098	190	173	58	34	87	0	0	0	0	0	234	26	57	0	46	0	37	0	0	0	0	0	0	0	0	0	0	0	0	0	0	0	0	0	0	0	0	0	0	0	108079
p__Chordata;c__Actinopteri;o__Chaetodontiformes;f__Leiognathidae;g__Leiognathus;s__equula	Prey - Fish	1	0	0	0	0	0	0	0	0	0	0	0	0	2	5	2350	0	0	0	0	0	0	0	0	0	0	0	0	0	0	0	0	0	0	0	0	0	0	0	0	0	0	0	0	0	0	0	0	0	0	0	0	0	0	0	0	0	0	0	0	0	0	0	0	0	0	0	2357
p__Chordata;c__Actinopteri;o__Cichliformes;f__Cichlidae	Prey - Fish	4	0	0	0	0	0	0	0	0	0	2	0	0	0	0	0	0	0	1	0	2	0	0	0	0	0	3	0	3	2	1	0	5	10	0	120	1948	3715	0	147	196	1	12	0	0	660	0	0	0	0	0	0	0	5	0	0	0	0	0	0	0	0	0	0	0	0	0	6833
p__Chordata;c__Actinopteri;o__Cichliformes;f__Cichlidae;g__Oreochromis	Prey - Fish	12	0	0	0	0	0	0	0	0	0	0	0	0	31288	302	811	25	40	43	30	12306	46	21	39	13	21	21	19	13	0	0	0	0	0	0	173	9	0	0	2004	0	0	0	0	301	87342	350	152	179	0	0	0	0	0	0	0	0	0	0	0	0	0	0	0	0	0	0	135548
p__Chordata;c__Actinopteri;o__Cichliformes;f__Cichlidae;g__Oreochromis;s__niloticus	Prey - Fish	1	0	0	0	0	0	0	0	0	0	0	0	0	0	0	0	0	0	0	0	0	0	0	0	0	0	0	0	0	0	0	0	0	0	0	0	0	0	0	0	0	0	0	0	0	177	0	0	0	0	0	0	0	0	0	0	0	0	0	0	0	0	0	0	0	0	0	177
p__Chordata;c__Actinopteri;o__Clupeiformes;f__Engraulidae;g__Thryssa;s__hamiltonii	Prey - Fish	3	0	0	0	0	0	0	0	0	0	0	0	0	92	41	48014	0	0	0	0	0	0	0	0	0	0	0	0	0	0	0	0	0	0	0	0	0	0	0	0	0	0	0	0	50	75	74	22	23	0	0	0	0	0	0	0	0	0	0	0	0	0	0	0	0	0	0	48391
p__Chordata;c__Actinopteri;o__Cypriniformes	Prey - Fish	6	80	83	0	7	6	0	187	6	326	0	14	0	0	0	0	0	0	6	0	0	0	0	0	1459	0	0	0	0	0	0	0	0	0	0	0	0	0	0	0	0	0	10	0	0	0	0	0	0	0	7	6	1012	75	1624	4	51	0	0	0	0	0	0	0	0	0	0	4963
p__Chordata;c__Actinopteri;o__Cypriniformes;f__Balitoridae	Prey - Fish	1	0	0	0	0	0	0	0	0	0	0	0	0	0	0	0	0	0	0	0	0	0	0	0	0	0	0	0	0	0	0	0	0	0	0	0	0	0	0	0	0	0	0	0	0	0	0	0	0	0	0	0	0	0	0	0	0	95	25	110	44	69	82	29	112	101	22416	23083
p__Chordata;c__Actinopteri;o__Cypriniformes;f__Botiidae;g__Sinibotia	Prey - Fish	1	0	0	0	0	0	0	0	0	0	0	0	0	0	0	0	0	0	0	0	0	0	0	0	95	0	0	0	0	0	0	0	0	0	0	0	0	0	0	0	0	0	0	0	0	0	0	0	0	0	0	0	0	0	0	0	0	0	0	0	0	0	0	0	0	0	0	95
p__Chordata;c__Actinopteri;o__Cypriniformes;f__Cobitidae;g__Lepidocephalichthys;s__berdmorei	Prey - Fish	1	0	0	0	0	0	0	0	0	0	0	6	24	0	0	0	0	0	0	0	0	0	0	0	0	0	0	0	0	0	0	0	0	0	0	0	0	0	0	0	0	0	0	0	0	0	0	0	0	13	1487	68	30	90	10	0	215	344	0	1032	3	3	7	0	4	5	0	3341
p__Chordata;c__Actinopteri;o__Cypriniformes;f__Cyprinidae	Prey - Fish	62	0	2834	1	0	0	1824	0	0	0	0	1519	890	0	0	0	2588	92265	14504	325	12734	76671	47355	105664	24777	17389	25651	82663	310	79	48	132	78	46	41	284	30352	3078	27	63	1735	70	12671	31	0	0	0	0	0	45962	124603	107449	69362	17962	68799	42289	7519	19818	196	21910	5594	5146	76946	18655	93132	34812	16443	1335296
p__Chordata;c__Actinopteri;o__Cypriniformes;f__Cyprinidae;g__Altigena;s__elegans	Prey - Fish	1	0	0	0	0	0	0	0	0	0	0	0	0	0	0	0	0	0	0	0	0	0	0	9	0	0	0	0	0	0	0	0	0	0	0	0	0	0	0	0	0	0	0	0	0	0	0	0	0	0	0	0	0	0	0	0	0	0	0	0	0	0	0	0	0	0	0	9
p__Chordata;c__Actinopteri;o__Cypriniformes;f__Cyprinidae;g__Barbonymus;s__altus	Prey - Fish	1	0	0	0	0	0	0	0	0	0	0	0	0	0	0	0	0	0	0	0	0	0	0	0	0	0	0	0	0	0	0	0	26	0	9	40	22824	32	0	0	43	0	47	0	0	0	0	0	0	0	0	0	0	0	0	0	0	0	0	0	0	0	0	0	0	0	0	23021
p__Chordata;c__Actinopteri;o__Cypriniformes;f__Cyprinidae;g__Cyclocheilos;s__enoplos	Prey - Fish	1	0	0	0	0	0	0	0	0	0	0	0	0	0	0	0	0	0	0	0	0	0	0	0	0	0	0	0	0	0	0	0	0	0	0	333	0	0	0	0	0	0	0	0	0	0	0	0	0	0	0	0	0	0	0	0	0	0	0	0	0	0	0	0	0	0	0	333
p__Chordata;c__Actinopteri;o__Cypriniformes;f__Cyprinidae;g__Garra;s__motuoensis	Prey - Fish	2	0	0	0	0	0	0	0	0	0	0	0	0	0	0	0	50	0	0	0	0	0	0	4114	4895	0	0	0	0	0	0	0	0	0	0	0	0	0	0	0	0	0	0	0	0	0	0	0	0	0	0	0	0	0	0	0	0	0	0	0	0	0	0	0	0	0	0	9059
p__Chordata;c__Actinopteri;o__Cypriniformes;f__Cyprinidae;g__Hampala;s__macrolepidota	Prey - Fish	11	71	0	0	0	0	0	0	0	0	0	53	47	0	0	0	118918	56209	119587	123	148	627	164	370	203	203	0	0	0	0	0	0	0	0	0	0	0	515	0	0	31	0	0	0	0	0	0	0	0	27	67	47	16562	146	10182	243	59	0	0	0	0	0	0	0	0	0	0	324602
p__Chordata;c__Actinopteri;o__Cypriniformes;f__Cyprinidae;g__Labiobarbus	Prey - Fish	1	0	0	0	0	0	0	0	0	0	0	12	0	0	0	0	0	0	0	0	0	0	0	9	931	0	0	0	0	0	0	0	0	0	0	0	0	0	0	0	0	0	0	0	0	0	0	0	0	0	0	0	1193	423	0	15	0	0	0	0	0	0	0	0	0	0	0	2583
p__Chordata;c__Actinopteri;o__Cypriniformes;f__Cyprinidae;g__Mystacoleucus	Prey - Fish	1	0	0	0	0	0	0	0	0	0	0	0	0	0	0	0	0	0	0	0	0	0	0	0	0	0	0	0	0	0	0	0	0	0	0	0	0	288	0	0	0	0	0	0	0	0	0	0	0	0	0	0	0	0	0	0	0	0	0	0	0	0	0	0	0	0	0	288
p__Chordata;c__Actinopteri;o__Cypriniformes;f__Cyprinidae;g__Mystacoleucus;s__marginatus	Prey - Fish	16	52338	127952	74833	12966	13966	21987	22640	22440	11639	3421	64203	268	0	0	0	0	0	390	0	0	0	0	0	0	15	64	22	0	0	0	0	0	0	0	0	27	5666	0	0	0	0	0	0	0	0	0	0	0	129	272	375	26462	3288	2707	11543	4192	0	0	0	0	0	0	0	0	0	0	483805
p__Chordata;c__Actinopteri;o__Cypriniformes;f__Cyprinidae;g__Osteochilus	Prey - Fish	1	0	0	0	0	0	0	0	0	0	0	0	0	0	0	0	0	0	0	0	0	0	0	0	0	0	0	0	0	0	0	0	0	0	0	0	0	0	0	0	0	0	55	0	0	0	0	0	0	0	0	0	0	0	0	0	0	0	0	0	0	0	0	0	0	0	0	55
p__Chordata;c__Actinopteri;o__Cypriniformes;f__Cyprinidae;g__Osteochilus;s__hasseltii	Prey - Fish	3	0	0	0	0	0	0	0	0	0	0	30	9	0	0	0	0	0	0	0	0	0	0	0	0	0	19	0	0	0	0	0	0	0	0	0	0	0	0	0	0	0	0	0	0	0	0	0	0	11	14	12	6	13	22	15	5551	0	0	0	0	0	0	0	0	0	0	5702
p__Chordata;c__Actinopteri;o__Cypriniformes;f__Cyprinidae;g__Puntigrus	Prey - Fish	1	0	0	0	0	0	0	0	0	0	0	0	0	0	0	0	0	0	0	0	0	0	0	0	0	0	0	0	0	0	0	0	0	2	0	0	0	0	0	0	0	0	0	0	0	0	0	0	0	0	0	0	0	0	0	0	0	0	0	0	0	0	0	0	0	0	0	2
p__Chordata;c__Actinopteri;o__Cypriniformes;f__Cyprinidae;g__Puntigrus;s__partipentazona	Prey - Fish	1	0	0	0	0	0	0	0	0	0	0	0	0	0	0	0	0	0	0	0	0	0	0	0	0	0	0	0	0	0	0	0	0	0	0	0	4	0	0	0	211	0	0	0	0	0	0	0	0	0	0	0	0	0	0	0	0	0	0	0	0	0	0	0	0	0	0	215
p__Chordata;c__Actinopteri;o__Cypriniformes;f__Cyprinidae;g__Puntius	Prey - Fish	1	0	0	0	0	0	0	0	0	0	0	0	0	0	0	0	0	0	0	0	0	0	0	0	0	0	0	0	0	0	0	0	0	0	0	0	0	0	0	0	34	0	3	0	0	0	0	0	0	0	0	0	0	0	0	0	0	0	0	0	0	0	0	0	0	0	0	37
p__Chordata;c__Actinopteri;o__Cypriniformes;f__Cyprinidae;g__Puntius;s__brevis	Prey - Fish	3	0	0	0	0	0	0	0	0	0	0	0	0	36	27366	14	0	0	0	0	0	0	0	0	0	0	25	55	27	55	26	29	0	0	0	0	0	0	4	6	32	2341	0	0	10	18	10	7	10	0	0	0	0	0	0	0	0	0	0	0	0	0	0	0	0	0	0	30071
p__Chordata;c__Actinopteri;o__Cypriniformes;f__Cyprinidae;g__Scaphiodonichthys	Prey - Fish	1	0	0	0	0	0	0	0	0	0	0	0	0	0	0	0	344	377	384	58	77	6534	21887	17766	135	96	0	0	0	0	0	0	0	0	0	0	0	117	0	0	0	0	0	0	0	0	0	0	0	0	0	0	0	0	0	0	0	23	0	28	0	9	8	1572	193	621	206	50435
p__Chordata;c__Actinopteri;o__Cypriniformes;f__Cyprinidae;g__Sikukia;s__flavicaudata	Prey - Fish	1	0	0	0	0	0	0	0	0	0	0	0	0	0	0	0	0	0	0	0	0	2897	0	0	0	0	0	0	0	0	0	0	0	0	0	0	0	0	0	0	0	0	0	0	0	0	0	0	0	0	0	0	0	0	0	0	0	0	0	0	0	0	0	0	0	0	0	2897
p__Chordata;c__Actinopteri;o__Cypriniformes;f__Cyprinidae;g__Systomus	Prey - Fish	8	0	0	0	0	0	0	0	0	0	202	0	0	0	0	0	26555	89	3071	30	23	133	22	110	44	22	0	0	146	0	5836	0	0	0	0	0	0	0	0	0	0	0	0	0	0	0	0	0	0	0	0	0	373	0	0	0	0	0	0	0	0	0	0	0	0	0	0	36656
p__Chordata;c__Actinopteri;o__Cypriniformes;f__Cyprinidae;g__Systomus;s__sarana	Prey - Fish	2	17	30	22	0	0	21	0	884	0	1579	0	0	0	0	0	251	246	250	9899	57	56985	961	166	76	7287	24093	48819	77505	108	108	2341	0	0	0	0	0	1630	43	111	0	77	0	53	0	0	0	0	0	0	0	0	0	0	0	0	0	0	0	0	0	0	0	0	0	0	0	233619
p__Chordata;c__Actinopteri;o__Cypriniformes;f__Cyprinidae;g__Tor	Prey - Fish	1	0	0	0	0	0	0	0	0	0	0	0	0	0	0	0	0	0	0	0	0	0	0	0	0	0	0	0	0	0	0	0	0	0	0	0	0	0	0	0	0	0	0	0	0	0	0	0	0	0	0	0	1731	0	0	0	0	0	0	0	0	0	0	0	0	0	0	1731
p__Chordata;c__Actinopteri;o__Cypriniformes;f__Danionidae	Prey - Fish	5	354	1136	246	186	4128	233	12756	5597	2998	4229	13286	361	0	0	0	0	0	109	0	0	0	0	0	0	454	5	19	29	52	27	36	0	0	0	0	5	878	10	0	0	1344	0	0	0	0	0	0	0	128	281	282	55867	7398	43874	5607	23451	0	0	0	0	0	0	0	0	0	0	185366
p__Chordata;c__Actinopteri;o__Cypriniformes;f__Danionidae;g__Danio	Prey - Fish	4	0	0	0	0	0	0	0	0	0	0	0	0	0	0	0	0	0	0	0	0	0	0	0	0	0	22	33	14375	4	9	12	0	0	0	0	0	212	0	2	0	8	0	7	0	0	0	0	0	0	0	0	0	0	0	0	0	0	0	0	0	0	0	0	0	0	0	14684
p__Chordata;c__Actinopteri;o__Cypriniformes;f__Danionidae;g__Devario	Prey - Fish	3	0	0	0	0	0	0	0	0	0	0	0	114	0	0	0	0	0	0	0	0	0	0	0	0	0	0	0	0	0	0	0	0	0	0	0	0	0	0	0	0	0	0	0	0	0	0	0	0	2548	50270	7853	241	338	144	67	91	10503	14	677	11	20	4905	8	50	15	2129	79998
p__Chordata;c__Actinopteri;o__Cypriniformes;f__Danionidae;g__Raiamas	Prey - Fish	22	120	0	39	1307	525	0	0	494	295	203	419	0	0	0	0	0	0	0	0	0	0	0	0	0	0	0	0	0	0	0	0	0	0	0	0	0	548	0	0	0	0	0	0	0	0	0	0	0	0	0	0	0	0	0	0	0	0	0	0	0	0	0	0	0	0	0	3950
p__Chordata;c__Actinopteri;o__Cypriniformes;f__Danionidae;g__Raiamas;s__guttatus	Prey - Fish	4	114999	90247	56164	64757	70825	57972	16015	50019	37001	59350	109900	450	0	0	0	0	0	0	0	0	0	0	0	0	0	0	0	0	0	0	0	14	1	3	22	30	12023	0	0	17	0	16	0	0	0	0	0	0	61	169	137	233	58	186	101	67	0	0	0	0	0	0	0	0	0	0	740837
p__Chordata;c__Actinopteri;o__Cypriniformes;f__Danionidae;g__Rasbora	Prey - Fish	1	0	0	0	0	0	0	0	0	0	0	0	0	0	0	0	12420	58	3178	4	8	32	24	55	23	555	57	13	299	0	0	0	0	0	0	0	0	0	0	0	0	0	0	0	0	0	0	0	0	0	0	0	0	0	0	0	0	0	0	0	0	0	0	0	0	0	0	16726
p__Chordata;c__Actinopteri;o__Cypriniformes;f__Danionidae;g__Rasbora;s__tornieri	Prey - Fish	1	0	0	0	0	0	0	0	0	0	0	0	0	0	0	0	0	0	0	0	0	0	0	0	0	0	0	0	0	0	0	0	0	0	0	548	7	0	0	0	0	0	0	0	0	0	0	0	0	0	0	0	0	0	0	0	0	0	0	0	0	0	0	0	0	0	0	555
p__Chordata;c__Actinopteri;o__Cypriniformes;f__Danionidae;g__Rasbora;s__trilineata	Prey - Fish	1	0	0	0	0	0	0	0	0	0	0	0	0	0	0	0	0	0	0	0	0	0	0	0	0	0	0	0	0	0	0	0	0	0	0	0	0	0	0	0	66	0	2	0	0	0	0	0	0	0	0	0	0	0	0	0	0	0	0	0	0	0	0	0	0	0	0	68
p__Chordata;c__Actinopteri;o__Cypriniformes;f__Gastromyzontidae;g__Beaufortia	Prey - Fish	1	0	0	0	0	0	5	0	0	0	0	0	0	0	0	0	0	0	0	0	0	0	0	0	0	0	0	0	0	0	0	0	0	0	0	0	0	0	0	0	0	0	0	0	0	0	0	0	0	0	0	0	0	0	0	0	0	0	0	0	0	0	0	0	0	0	0	5
p__Chordata;c__Actinopteri;o__Cypriniformes;f__Gastromyzontidae;g__Formosania;s__lacustris	Prey - Fish	1	0	0	0	0	0	0	0	0	0	0	0	0	0	0	0	0	6	0	0	0	6	4	7	0	1	0	0	0	0	0	0	0	0	0	0	0	0	0	0	0	0	0	0	0	0	0	0	0	0	0	0	0	0	0	0	0	0	0	0	0	0	0	0	0	0	0	24
p__Chordata;c__Actinopteri;o__Cypriniformes;f__Leptobarbidae;g__Leptobarbus;s__hoevenii	Prey - Fish	2	0	0	0	0	0	0	0	0	0	0	0	0	0	0	0	0	0	0	0	0	0	0	0	0	0	12	28	13	16	7	12	29	21	24	60	110	17	3	4	68	1777	21628	0	0	0	0	0	0	0	0	0	0	0	0	0	0	0	0	0	0	0	0	0	0	0	0	23829
p__Chordata;c__Actinopteri;o__Cypriniformes;f__Nemacheilidae	Prey - Fish	6	0	0	0	0	0	0	0	0	0	0	93	97	0	0	0	0	0	0	0	0	0	0	0	0	0	0	0	0	0	0	0	0	0	0	0	0	0	0	0	0	0	0	0	0	0	0	0	0	2526	123	24939	124	16	3920	71	341	1138	0	1204	0	9	40	103	845	12	1054	36655
p__Chordata;c__Actinopteri;o__Cypriniformes;f__Nemacheilidae;g__Mesonoemacheilus;s__triangularis	Prey - Fish	1	0	0	0	0	0	0	0	0	0	0	35	26	0	0	0	0	0	0	0	0	0	0	0	0	0	0	0	0	0	0	0	0	0	0	0	0	0	0	0	0	0	0	0	0	0	0	0	0	23	16	140	56	18	43	2450	27	0	0	12	0	2092	0	0	0	0	0	4938
p__Chordata;c__Actinopteri;o__Cypriniformes;f__Nemacheilidae;g__Schistura	Prey - Fish	5	0	0	0	0	0	0	0	0	0	0	0	0	0	0	0	8	21	7	3	0	7	5	2677	2	0	0	0	0	0	0	0	0	0	0	0	0	0	0	0	0	0	0	0	0	0	0	0	0	0	0	0	0	0	0	0	0	0	0	160	0	0	0	0	0	528	0	3418
p__Chordata;c__Actinopteri;o__Cypriniformes;f__Nemacheilidae;g__Schistura;s__incerta	Prey - Fish	1	0	0	0	0	0	0	0	0	0	0	0	0	0	0	0	0	0	0	0	0	0	0	0	0	0	0	0	0	0	0	0	0	0	0	0	0	0	0	0	0	0	0	0	0	0	0	0	0	0	0	0	0	0	0	0	0	44	25	55	42	37	22	17	61	45	10332	10680
p__Chordata;c__Actinopteri;o__Cypriniformes;f__Nemacheilidae;g__Schistura;s__rupecula	Prey - Fish	2	0	0	0	0	0	0	0	0	0	0	8	6	0	0	0	0	0	0	0	0	0	0	0	0	0	0	0	0	0	0	0	0	0	0	0	0	0	0	0	0	0	0	0	0	0	0	0	0	1607	7	1513	5	0	7	3	0	48	22	41768	19	38	67	16	57	59	46	45296
p__Chordata;c__Actinopteri;o__Cyprinodontiformes;f__Aplocheilidae;g__Aplocheilus;s__panchax	Prey - Fish	1	0	0	0	0	0	0	0	0	0	0	0	0	64	0	0	0	0	0	0	0	0	0	0	0	0	0	0	0	0	0	0	0	0	0	0	0	0	0	0	0	0	0	0	0	0	0	0	0	0	0	0	0	0	0	0	0	0	0	0	0	0	0	0	0	0	0	64
p__Chordata;c__Actinopteri;o__Euteleosteomorpha;f__Ambassidae;g__Ambassis	Prey - Fish	1	0	0	0	0	0	0	0	0	0	0	0	0	0	0	19	0	0	0	0	0	0	0	0	0	0	0	0	0	0	0	0	0	0	0	0	0	0	0	0	0	0	0	0	0	0	0	0	0	0	0	0	0	0	0	0	0	0	0	0	0	0	0	0	0	0	0	19
p__Chordata;c__Actinopteri;o__Euteleosteomorpha;f__Centropomidae;g__Lates;s__calcarifer	Prey - Fish	2	0	0	0	0	0	0	0	0	0	0	0	0	5	0	614	0	0	0	0	0	0	0	0	0	0	0	0	0	0	0	0	0	0	0	0	0	0	0	0	0	0	0	0	0	0	8	0	0	0	0	0	0	0	0	0	0	0	0	0	0	0	0	0	0	0	0	627
p__Chordata;c__Actinopteri;o__Gobiiformes	Prey - Fish	2	0	0	0	0	0	0	0	0	0	0	0	0	17	32	4852	0	0	0	0	0	0	0	0	0	0	0	0	0	0	0	0	143	69	95	240	74476	55	0	0	185	0	131	0	4	24	71	4	3	0	0	0	0	0	0	0	0	0	0	0	0	0	0	0	0	0	0	80401
p__Chordata;c__Actinopteri;o__Gobiiformes;f__Eleotridae;g__Butis	Prey - Fish	1	0	0	0	0	0	0	0	0	0	0	0	0	0	0	0	0	0	0	0	0	0	0	0	0	0	0	0	0	0	0	0	0	0	0	0	15	0	0	0	0	0	0	0	0	0	0	0	0	0	0	0	0	0	0	0	0	0	0	0	0	0	0	0	0	0	0	15
p__Chordata;c__Actinopteri;o__Gobiiformes;f__Eleotridae;g__Butis;s__humeralis	Prey - Fish	4	0	0	0	0	0	0	0	0	0	0	0	0	79	14419	7914	0	0	0	0	0	0	0	0	0	0	0	0	0	0	0	0	0	0	0	0	0	0	0	0	0	0	0	0	39	101	42328	17	31	0	0	0	0	0	0	0	0	0	0	0	0	0	0	0	0	0	0	64928
p__Chordata;c__Actinopteri;o__Gobiiformes;f__Eleotridae;g__Butis;s__melanostigma	Prey - Fish	2	0	0	0	0	0	0	0	0	0	0	0	0	0	3	1635	0	0	0	0	0	0	0	0	0	0	0	0	0	0	0	0	0	0	0	0	0	0	0	0	0	0	0	0	0	4	14	0	0	0	0	0	0	0	0	0	0	0	0	0	0	0	0	0	0	0	0	1656
p__Chordata;c__Actinopteri;o__Gobiiformes;f__Eleotridae;g__Ophiocara	Prey - Fish	1	0	0	0	0	0	0	0	0	0	0	0	0	0	628	0	0	0	0	0	0	0	0	0	0	0	0	0	0	0	0	0	0	0	0	0	0	0	0	0	0	0	0	0	0	0	0	0	0	0	0	0	0	0	0	0	0	0	0	0	0	0	0	0	0	0	0	628
p__Chordata;c__Actinopteri;o__Gobiiformes;f__Eleotridae;g__Ophiocara;s__porocephalum	Prey - Fish	1	0	0	0	0	0	0	0	0	0	0	0	0	15	17694	36	0	0	0	0	0	0	0	0	0	0	0	0	0	0	0	0	0	0	0	0	0	0	0	0	0	0	0	0	16	25	36	6	7	0	0	0	0	0	0	0	0	0	0	0	0	0	0	0	0	0	0	17835
p__Chordata;c__Actinopteri;o__Gobiiformes;f__Eleotridae;g__Oxyeleotris;s__marmorata	Prey - Fish	4	0	0	0	0	0	0	0	0	0	0	0	0	0	0	0	0	0	0	0	0	0	0	0	0	0	0	0	0	0	0	0	3	6	2	738	4	1	0	0	936	0	7	0	0	0	0	0	0	0	0	0	0	0	0	0	0	0	0	0	0	0	0	0	0	0	0	1697
p__Chordata;c__Actinopteri;o__Gobiiformes;f__Gobiidae	Prey - Fish	17	0	0	0	0	0	0	0	0	0	0	0	0	217	16383	187	11	27	15	14556	5	22	14	16	15	16	0	0	0	0	0	0	0	0	0	0	0	0	0	0	0	0	0	0	55	580	62293	41	38	0	0	0	0	0	0	0	0	0	0	0	0	0	0	0	0	0	0	94491
p__Chordata;c__Actinopteri;o__Gobiiformes;f__Gobiidae;g__Acentrogobius;s__viridipunctatus	Prey - Fish	1	0	0	0	0	0	0	0	0	0	0	0	0	0	21	519	0	0	0	0	0	0	0	0	0	0	0	0	0	0	0	0	0	0	0	0	0	0	0	0	0	0	0	0	0	0	4	0	0	0	0	0	0	0	0	0	0	0	0	0	0	0	0	0	0	0	0	544
p__Chordata;c__Actinopteri;o__Gobiiformes;f__Gobiidae;g__Glossogobius;s__aureus	Prey - Fish	2	0	0	0	0	0	0	0	0	0	0	0	0	34	22	30539	0	0	0	0	0	0	0	0	0	0	0	0	0	0	0	0	0	0	0	0	0	0	0	0	0	0	0	0	15	47	65	3	12	0	0	0	0	0	0	0	0	0	0	0	0	0	0	0	0	0	0	30737
p__Chordata;c__Actinopteri;o__Gobiiformes;f__Gobiidae;g__Hemigobius;s__hoevenii	Prey - Fish	2	0	0	0	0	0	0	0	0	0	0	0	0	4773	11	14	0	0	0	0	0	0	0	0	0	0	0	0	0	0	0	0	0	0	0	0	0	0	0	0	0	0	0	0	2	3	14	1	0	0	0	0	0	0	0	0	0	0	0	0	0	0	0	0	0	0	0	4818
p__Chordata;c__Actinopteri;o__Gobiiformes;f__Gobiidae;g__Oxyurichthys;s__microlepis	Prey - Fish	2	0	0	0	0	0	0	0	0	0	0	0	0	18	45	8914	0	0	0	0	0	0	0	0	0	0	0	0	0	0	0	0	0	0	0	0	0	0	0	0	0	0	0	0	21	282	23	0	11	0	0	0	0	0	0	0	0	0	0	0	0	0	0	0	0	0	0	9314
p__Chordata;c__Actinopteri;o__Gobiiformes;f__Gobiidae;g__Parapocryptes;s__serperaster	Prey - Fish	1	0	0	0	0	0	0	0	0	0	0	0	0	0	0	0	0	0	0	0	0	0	0	0	0	0	0	0	0	0	0	0	0	0	0	0	0	0	0	0	6	0	0	0	0	0	0	0	0	0	0	0	0	0	0	0	0	0	0	0	0	0	0	0	0	0	0	6
p__Chordata;c__Actinopteri;o__Gobiiformes;f__Gobiidae;g__Periophthalmus	Prey - Fish	1	0	0	0	0	0	0	0	0	0	0	0	0	0	20	0	0	0	0	0	0	0	0	0	0	0	0	0	0	0	0	0	0	0	0	0	0	0	0	0	0	0	0	0	0	0	0	0	0	0	0	0	0	0	0	0	0	0	0	0	0	0	0	0	0	0	0	20
p__Chordata;c__Actinopteri;o__Gobiiformes;f__Gobiidae;g__Periophthalmus;s__novemradiatus	Prey - Fish	4	0	0	0	0	0	0	0	0	0	0	0	0	64	30137	65	0	0	0	0	0	0	0	0	0	0	0	0	0	0	0	0	0	0	0	0	0	0	0	0	0	0	0	0	44	69	58	16	1817	0	0	0	0	0	0	0	0	0	0	0	0	0	0	0	0	0	0	32270
p__Chordata;c__Actinopteri;o__Kurtiformes;f__Apogonidae	Prey - Fish	1	0	0	0	0	0	0	0	0	0	0	0	0	17	8	1893	0	0	0	0	0	0	0	0	0	0	0	0	0	0	0	0	0	0	0	0	0	0	0	0	0	0	0	0	0	0	8	3	0	0	0	0	0	0	0	0	0	0	0	0	0	0	0	0	0	0	0	1929
p__Chordata;c__Actinopteri;o__Mugiliformes;f__Mugilidae	Prey - Fish	2	0	0	0	0	0	0	0	0	0	0	0	0	4	0	0	0	0	0	0	0	0	0	0	0	0	0	0	0	0	0	0	0	0	0	0	0	0	0	0	0	0	0	0	0	96	0	0	0	0	0	0	0	0	0	0	0	0	0	0	0	0	0	0	0	0	0	100
p__Chordata;c__Actinopteri;o__Osteoglossiformes;f__Notopteridae	Prey - Fish	6	0	0	0	0	0	0	0	0	0	0	0	0	0	0	0	7	2	0	0	0	0	0	0	0	785	588	423	145	98	69	99	0	0	0	142	0	0	24	31610	2384	36	0	38	0	0	0	0	0	0	0	0	0	0	0	0	0	0	0	0	0	0	0	0	0	0	0	36450
p__Chordata;c__Actinopteri;o__Osteoglossiformes;f__Notopteridae;g__Chitala;s__ornata	Prey - Fish	3	0	0	0	0	0	0	0	0	0	0	0	0	0	0	0	0	0	0	0	0	0	0	0	0	0	0	0	0	0	0	0	64	37	72	98076	283	76	0	0	156	0	139	0	0	0	0	0	0	0	0	0	0	0	0	0	0	0	0	0	0	0	0	0	0	0	0	98903
p__Chordata;c__Actinopteri;o__Perciformes;f__Serranidae;g__Epinephelus	Prey - Fish	2	0	0	0	0	0	0	0	0	0	0	0	0	2067	0	596	0	0	0	0	0	0	0	0	0	0	0	0	0	0	0	0	0	0	0	0	0	0	0	0	0	0	0	0	6	8	5	3	2	0	0	0	0	0	0	0	0	0	0	0	0	0	0	0	0	0	0	2687
p__Chordata;c__Actinopteri;o__Siluriformes	Prey - Fish	4	0	0	0	0	0	0	0	0	0	0	0	0	0	0	0	0	0	0	0	14	0	0	0	0	0	0	0	0	0	27	0	0	0	0	0	0	158	0	0	0	0	8	0	0	0	0	0	0	0	0	0	0	0	0	0	0	0	0	0	484	0	0	0	0	0	0	691
p__Chordata;c__Actinopteri;o__Siluriformes;f__Ariidae	Prey - Fish	1	0	0	0	0	0	0	0	0	0	0	0	0	6	4	0	0	0	0	0	0	0	0	0	0	0	0	0	0	0	0	0	0	0	0	0	0	0	0	0	0	0	0	0	0	0	0	1	0	0	0	0	0	0	0	0	0	0	0	0	0	0	0	0	0	0	0	11
p__Chordata;c__Actinopteri;o__Siluriformes;f__Ariidae;g__Arius	Prey - Fish	3	0	0	0	0	0	0	0	0	0	0	0	0	0	0	3	0	0	0	0	0	0	0	0	0	0	0	0	0	0	0	0	0	0	0	0	0	0	0	0	0	0	0	0	0	4	0	358	0	0	0	0	0	0	0	0	0	0	0	0	0	0	0	0	0	0	0	365
p__Chordata;c__Actinopteri;o__Siluriformes;f__Bagridae	Prey - Fish	1	0	0	0	0	0	0	0	0	0	0	0	0	0	0	14	0	0	0	0	0	0	0	0	0	0	0	0	0	0	0	0	0	0	0	0	0	0	0	0	0	0	0	0	0	0	0	0	0	0	0	0	0	0	0	0	0	0	0	0	0	0	0	0	0	0	0	14
p__Chordata;c__Actinopteri;o__Siluriformes;f__Bagridae;g__Hemibagrus	Prey - Fish	10	0	0	0	0	0	0	0	0	0	0	0	0	0	0	0	9186	3691	23086	48	50	117	58	134	64	15343	60927	104600	461	181	114	229	13	11	4	111	28	394	48	131	2617	84	20	64	0	0	0	0	0	0	0	31	0	0	0	0	6539	77	18	43	6227	31	73	11	86	9122	31	244103
p__Chordata;c__Actinopteri;o__Siluriformes;f__Bagridae;g__Mystus	Prey - Fish	3	0	0	0	0	0	0	0	0	0	0	0	0	0	0	0	0	0	0	0	0	0	0	0	0	0	0	0	0	0	0	0	0	10	0	5	5	0	0	0	949	0	7	0	0	0	0	0	0	0	0	0	0	0	0	0	0	0	0	0	0	0	0	0	0	0	0	976
p__Chordata;c__Actinopteri;o__Siluriformes;f__Bagridae;g__Pseudomystus	Prey - Fish	1	0	0	0	0	0	0	0	0	0	0	0	0	0	0	0	0	0	0	0	0	0	0	0	0	0	0	0	0	0	0	0	0	0	0	0	0	303	0	0	0	0	0	0	0	0	0	0	0	0	0	0	0	0	0	0	0	0	0	0	0	0	0	0	0	0	0	303
p__Chordata;c__Actinopteri;o__Siluriformes;f__Bagridae;g__Pseudomystus;s__siamensis	Prey - Fish	18	191	221	143	74	101	12299	8794	11000	142	4944	127	87663	0	0	0	400	35213	870	0	0	85	0	38	33	0	0	0	0	0	0	0	0	0	0	0	0	2703	0	0	0	0	0	0	0	0	0	0	0	53	93	76	139	43	135	82	0	0	0	0	0	0	0	0	0	0	0	165662
p__Chordata;c__Actinopteri;o__Siluriformes;f__Callichthyidae	Prey - Fish	1	0	0	0	0	0	0	0	0	0	0	0	0	0	0	0	0	0	0	0	0	0	0	0	0	0	0	0	0	0	0	0	0	0	0	0	0	0	0	0	0	0	0	0	0	0	0	0	0	0	0	0	0	0	0	0	0	46	21	36	18	22	13	15	37	21	7967	8196
p__Chordata;c__Actinopteri;o__Siluriformes;f__Clariidae;g__Clarias	Prey - Fish	8	0	0	0	0	0	0	0	0	0	0	0	0	0	0	0	67	73	87	9	7	44	22	41	29	11737	10016	305	383	13389	36	51	37	18	8	7844	4925	155	18	18	37	2335	4921	20	0	0	0	0	0	0	0	0	0	0	0	0	0	0	0	0	0	0	0	0	0	0	0	56632
p__Chordata;c__Actinopteri;o__Siluriformes;f__Heteropneustidae;g__Heteropneustes;s__fossilis	Prey - Fish	3	0	0	0	0	0	0	0	0	0	0	0	0	0	0	0	0	0	0	0	0	0	0	0	0	0	0	0	0	0	0	0	0	0	4	6914	25	11	0	0	32	0	9	0	0	0	0	0	0	0	0	0	0	0	0	0	0	0	0	0	0	0	0	0	0	0	0	6995
p__Chordata;c__Actinopteri;o__Siluriformes;f__Pangasiidae	Prey - Fish	2	0	0	0	0	0	0	0	0	0	0	0	0	0	0	0	0	0	0	0	0	0	0	0	0	321	205	313	0	0	0	0	0	0	0	199	12	0	0	0	0	0	0	0	0	0	0	0	0	0	0	0	0	0	0	0	0	0	0	0	0	0	0	0	0	0	0	1050
p__Chordata;c__Actinopteri;o__Siluriformes;f__Pseudopimelodidae;g__Lophiosilurus	Prey - Fish	1	0	0	0	0	0	0	0	0	0	0	0	0	0	0	0	0	0	0	0	0	0	0	0	0	0	0	0	0	0	0	0	0	0	0	0	0	0	0	0	3	0	0	0	0	0	0	0	0	0	0	0	0	0	0	0	0	0	0	0	0	0	0	0	0	0	0	3
p__Chordata;c__Actinopteri;o__Siluriformes;f__Sisoridae;g__Glyptosternon	Prey - Fish	1	0	0	0	0	0	0	0	0	0	0	0	0	0	0	0	0	0	0	0	0	17	0	0	0	0	0	0	0	0	0	0	0	0	0	0	0	0	0	0	0	0	0	0	0	0	0	0	0	0	0	0	0	0	0	0	0	0	0	0	0	0	0	0	0	0	0	17
p__Chordata;c__Actinopteri;o__Siluriformes;f__Sisoridae;g__Glyptothorax	Prey - Fish	1	0	0	0	0	0	0	0	0	0	0	0	0	0	0	0	0	0	0	0	0	0	0	0	0	0	0	0	0	0	0	0	0	0	0	0	0	0	0	0	0	0	0	0	0	0	0	0	0	0	0	0	0	0	0	0	0	10	0	11	0	4	5	4	2853	13	5	2905
p__Chordata;c__Actinopteri;o__Synbranchiformes;f__Mastacembelidae;g__Mastacembelus	Prey - Fish	17	24	84	146	30	36	343	18	2986	3535	36	109	121635	0	0	0	44	191	1886	0	0	12	5	0	0	0	0	0	0	0	0	0	0	0	0	0	0	206	0	0	0	0	0	0	0	0	0	0	0	59	94	114	147	63	146	98	122	0	0	5	5	0	0	0	0	344	0	132523
p__Chordata;c__Actinopteri;o__Synbranchiformes;f__Synbranchidae;g__Monopterus	Prey - Fish	3	0	0	0	0	0	0	0	0	0	0	0	0	0	0	0	0	0	0	0	0	0	0	0	0	0	0	0	0	0	0	108	3	0	0	0	6	2246	0	0	6	0	0	0	0	0	0	0	0	0	0	0	0	0	0	0	0	0	0	0	0	0	0	0	0	0	0	2369
p__Chordata;c__Actinopteri;o__Synbranchiformes;f__Synbranchidae;g__Monopterus;s__albus	Prey - Fish	3	0	0	0	0	0	0	0	0	0	0	0	0	0	0	0	14	100	5890	3	0	12	0	5	8	6	26	11	29	10	3	10987	0	0	0	0	0	0	4	0	0	0	0	5	0	0	0	0	0	0	0	0	0	0	0	0	0	0	0	0	0	0	0	0	0	0	0	17113
p__Chordata;c__Actinopteri;o__Syngnathiformes;f__Syngnathidae	Prey - Fish	1	0	0	0	0	0	0	0	0	0	0	0	0	0	0	0	0	0	0	0	0	0	0	0	0	0	0	0	0	0	0	0	0	0	0	0	0	0	0	0	9	0	0	0	0	0	0	0	0	0	0	0	0	0	0	0	0	0	0	0	0	0	0	0	0	0	0	9
p__Chordata;c__Actinopteri;o__Syngnathiformes;f__Syngnathidae;g__Microphis;s__boaja	Prey - Fish	2	0	0	0	0	0	0	0	0	0	0	0	0	0	0	0	0	0	0	0	0	0	0	0	0	0	0	0	0	0	0	0	26	10	12	43	60	17	0	0	15240	0	34	0	0	0	0	0	0	0	0	0	0	0	0	0	0	0	0	0	0	0	0	0	0	0	0	15442
p__Chordata;c__Lepidosauria;o__Squamata	Prey - Reptile	1	0	0	0	0	0	0	0	0	0	0	0	0	0	0	0	0	0	0	0	0	0	0	0	0	0	0	0	0	0	0	0	0	0	0	0	0	0	0	0	0	0	0	0	0	0	0	0	0	0	0	0	0	0	0	2	0	0	0	0	0	0	0	0	0	0	0	2
p__Chordata;c__Lepidosauria;o__Squamata;f__Colubridae;g__Fowlea	Prey - Reptile	2	0	0	0	0	0	0	0	0	0	0	16	24	0	0	0	0	0	0	0	0	0	0	0	0	0	0	0	0	0	0	0	0	0	0	0	0	0	0	0	0	0	0	0	0	0	0	0	0	12	7	33	23	44	29	4509	46	0	0	0	0	0	0	0	0	0	0	4743
p__Chordata;c__Lepidosauria;o__Squamata;f__Cylindrophiidae;g__Cylindrophis;s__ruffus	Prey - Reptile	3	0	0	0	0	0	0	0	0	0	0	0	0	0	0	0	0	0	0	0	0	0	0	0	0	0	24	15	14	31	13	109	0	0	0	0	0	0	441	7	0	3	0	2525	0	0	0	0	0	0	0	0	0	0	0	0	0	0	0	0	0	0	0	0	0	0	0	3182
p__Chordata;c__Lepidosauria;o__Squamata;f__Homalopsidae	Prey - Reptile	1	0	0	0	0	0	0	0	0	0	0	0	0	0	0	54	0	0	0	0	0	0	0	0	0	0	0	0	0	0	0	0	0	0	0	0	0	0	0	0	0	0	0	0	0	0	0	0	0	0	0	0	0	0	0	0	0	0	0	0	0	0	0	0	0	0	0	54
p__Chordata;c__Lepidosauria;o__Squamata;f__Homalopsidae;g__Cerberus;s__rynchops	Prey - Reptile	1	0	0	0	0	0	0	0	0	0	0	0	0	0	5	0	0	0	0	0	0	0	0	0	0	0	0	0	0	0	0	0	0	0	0	0	0	0	0	0	0	0	0	0	0	0	0	0	0	0	0	0	0	0	0	0	0	0	0	0	0	0	0	0	0	0	0	5
p__Chordata;c__Lepidosauria;o__Squamata;f__Homalopsidae;g__Homalopsis;s__buccata	Prey - Reptile	1	0	0	0	0	0	0	0	0	0	0	0	0	0	0	0	2	0	0	0	0	0	0	0	0	0	0	0	0	0	0	0	0	0	0	0	0	0	0	0	0	0	0	0	0	0	0	0	0	0	0	0	0	0	0	0	0	0	0	0	0	0	0	0	0	0	0	2
p__Chordata;c__Lepidosauria;o__Squamata;f__Varanidae;g__Varanus;s__salvator	Prey - Reptile	3	0	0	0	0	0	0	0	0	0	0	0	0	0	0	0	37	17	26	6	11	17	22	29	19	9258	0	0	0	0	0	0	0	0	0	0	0	0	0	0	0	0	0	0	0	0	0	0	0	0	0	0	0	0	0	0	0	0	0	0	0	0	0	0	0	26	0	9468
