Final_taxon	Label	Total_ASVs	LNHKK53 (AC)	LNHKK55 (AC)	LNHKK56 (AC)	LNKWC07 (AC)	LNKWC08 (AC)	LNKWC09 (AC)	LNKWC13 (AC)	LNKWC15 (AC)	LNKWC16 (AC)	LNMAW17 (AC)	Total_read
No Hit	No Hit	2989	59425	8228	82699	133077	146073	49814	108064	36559	20888	3022	647849
p__Chordata;c__Mammalia;o__Carnivora;f__Mustelidae	Artifact (Carnivora) - Mustelidae	1	0	0	0	0	0	0	3	0	0	0	3
p__Chordata;c__Amphibia;o__Anura;f__Megophryidae	Prey - Amphibian	1	0	0	13	0	0	0	0	0	0	0	13
p__Chordata;c__Amphibia;o__Anura;f__Megophryidae;g__Leptobrachium	Prey - Amphibian	2	17	0	254	0	0	0	0	0	0	0	271
p__Annelida;c__Clitellata;o__Enchytraeida;f__Enchytraeidae	Prey - Annelid	2	0	0	0	2	0	3	0	0	0	0	5
p__Annelida;c__Clitellata;o__Enchytraeida;f__Enchytraeidae;g__Enchytraeus	Prey - Annelid	7	29	0	0	4805	5	0	0	5	0	0	4844
p__Annelida;c__Clitellata;o__Tubificida;f__Naididae;g__Pristina	Prey - Annelid	1	0	44	0	0	0	0	0	0	0	0	44
p__Arthropoda;c__Arachnida;o__Acariformes;f__Acariformes	Prey - Arachnid	6	3	0	0	136	19	0	7	4	0	0	169
p__Arthropoda;c__Arachnida;o__Arachnida;f__Arachnida	Prey - Arachnid	21	83	0	4	637	263	14	1361	8	0	2	2372
p__Arthropoda;c__Arachnida;o__Arachnida;f__Arachnida;g__Arachnida	Prey - Arachnid	5	18	0	8	26	7	0	308	0	0	0	367
p__Arthropoda;c__Arachnida;o__Araneae	Prey - Arachnid	2	0	0	0	0	26	15	32	0	0	0	73
p__Arthropoda;c__Arachnida;o__Araneae;f__Anamidae	Prey - Arachnid	5	0	0	0	0	80	0	0	19	0	0	99
p__Arthropoda;c__Arachnida;o__Araneae;f__Araneae;g__Araneae	Prey - Arachnid	7	316	2	2449	0	0	0	0	52	17	0	2836
p__Arthropoda;c__Arachnida;o__Araneae;f__Dictynidae	Prey - Arachnid	3	136	0	0	20	0	0	0	0	0	0	156
p__Arthropoda;c__Arachnida;o__Araneae;f__Salticidae	Prey - Arachnid	3	0	0	0	0	45	0	11	3	0	0	59
p__Arthropoda;c__Arachnida;o__Araneae;f__Salticidae;g__Myrmarachne	Prey - Arachnid	7	15	0	5	5	249	13	7	0	27	5	326
p__Arthropoda;c__Arachnida;o__Mesostigmata;f__Ascidae;g__Ascidae	Prey - Arachnid	1	0	0	0	5	0	0	0	0	0	0	5
p__Arthropoda;c__Arachnida;o__Mesostigmata;f__Phytoseiidae;g__Amblyseius;s__adhatodae	Prey - Arachnid	1	0	0	0	4	0	0	0	0	0	0	4
p__Arthropoda;c__Arachnida;o__Mesostigmata;f__Phytoseiidae;g__Euseius	Prey - Arachnid	1	0	0	0	0	13	0	0	0	0	0	13
p__Arthropoda;c__Arachnida;o__Sarcoptiformes	Prey - Arachnid	1	0	0	0	0	0	0	0	26	0	0	26
p__Arthropoda;c__Arachnida;o__Sarcoptiformes;f__Oppiidae	Prey - Arachnid	4	2	0	0	4	0	0	0	166	0	0	172
p__Arthropoda;c__Arachnida;o__Sarcoptiformes;f__Oppiidae;g__Oppiidae	Prey - Arachnid	1	0	0	0	0	0	0	0	3	0	0	3
p__Arthropoda;c__Arachnida;o__Trombidiformes	Prey - Arachnid	5	15	0	0	3	338	2	0	0	3	0	361
p__Arthropoda;c__Arachnida;o__Trombidiformes;f__Ereynetidae	Prey - Arachnid	1	0	0	0	0	0	0	2	0	0	0	2
p__Arthropoda;c__Arachnida;o__Trombidiformes;f__Eupodidae	Prey - Arachnid	15	30	0	63	3462	0	14	7	0	7	2	3585
p__Arthropoda;c__Arachnida;o__Trombidiformes;f__Tarsonemidae	Prey - Arachnid	6	9	0	0	231	81	0	0	0	0	0	321
p__Arthropoda;c__Arachnida;o__Trombidiformes;f__Tydeidae	Prey - Arachnid	5	6	0	77	0	59	0	0	100	0	0	242
p__Arthropoda;c__Arachnida;o__Trombidiformes;f__Tydeidae;g__Tydeidae	Prey - Arachnid	2	7	0	0	50	92	0	0	0	0	0	149
p__Chordata;c__Actinopteri;o__Anabantiformes;f__Channidae;g__Channa	Prey - Fish	1	0	0	72	0	0	0	0	0	0	0	72
p__Chordata;c__Actinopteri;o__Anabantiformes;f__Channidae;g__Channa;s__limbata	Prey - Fish	1	0	0	5	0	0	0	0	0	0	0	5
p__Chordata;c__Actinopteri;o__Cypriniformes;f__Cyprinidae;g__Poropuntius;s__laoensis	Prey - Fish	2	7	0	0	0	0	0	0	4	0	0	11
p__Chordata;c__Actinopteri;o__Cypriniformes;f__Cyprinidae;g__Scaphiodonichthys	Prey - Fish	1	0	0	0	0	0	0	0	6	42	0	48
p__Arthropoda;c__Insecta;o__Blattodea;f__Blaberidae	Prey - Insect	3	3	0	4	0	0	0	6	0	3	0	16
p__Arthropoda;c__Insecta;o__Blattodea;f__Blaberidae;g__Epilamprinae	Prey - Insect	4	12	0	0	0	0	4	0	158	198	0	372
p__Arthropoda;c__Insecta;o__Blattodea;f__Blaberidae;g__Rhabdoblatta;s__saussurei	Prey - Insect	1	0	0	0	0	0	0	0	6	0	0	6
p__Arthropoda;c__Insecta;o__Blattodea;f__Blattellidae;g__Scalida	Prey - Insect	1	0	0	0	0	8	0	0	0	0	0	8
p__Arthropoda;c__Insecta;o__Blattodea;f__Termitidae;g__Microcerotermes	Prey - Insect	1	28	0	0	0	0	0	0	0	0	0	28
p__Arthropoda;c__Insecta;o__Coleoptera	Prey - Insect	7	7	4	0	24	0	0	33	273	0	0	341
p__Arthropoda;c__Insecta;o__Coleoptera;f__Buprestidae	Prey - Insect	1	0	0	0	0	0	0	0	3	0	0	3
p__Arthropoda;c__Insecta;o__Coleoptera;f__Cerambycidae;g__Prionus	Prey - Insect	2	0	0	0	0	0	9	4	0	0	0	13
p__Arthropoda;c__Insecta;o__Coleoptera;f__Cerambycidae;g__Prionus;s__insularis	Prey - Insect	1	0	0	0	0	0	8	0	0	0	0	8
p__Arthropoda;c__Insecta;o__Coleoptera;f__Curculionidae	Prey - Insect	6	8	0	0	41	19	37	0	382	0	0	487
p__Arthropoda;c__Insecta;o__Coleoptera;f__Hydraenidae	Prey - Insect	2	0	0	0	0	0	19	0	10	0	0	29
p__Arthropoda;c__Insecta;o__Coleoptera;f__Hydrophilidae	Prey - Insect	5	15	3	0	2	0	8	0	0	323	0	351
p__Arthropoda;c__Insecta;o__Coleoptera;f__Hydrophilidae;g__Hydrophilidae	Prey - Insect	1	0	0	0	3	5	0	0	0	0	0	8
p__Arthropoda;c__Insecta;o__Coleoptera;f__Hydrophilidae;g__Peltocercyon	Prey - Insect	1	0	0	0	12	0	0	0	0	0	0	12
p__Arthropoda;c__Insecta;o__Coleoptera;f__Leiodidae	Prey - Insect	1	0	0	0	0	0	0	0	12	0	0	12
p__Arthropoda;c__Insecta;o__Coleoptera;f__Meloidae;g__Zonitis;s__breveapicalis	Prey - Insect	1	0	7	0	0	0	0	0	0	0	0	7
p__Arthropoda;c__Insecta;o__Coleoptera;f__Psephenidae	Prey - Insect	1	0	0	5	0	0	0	0	0	0	0	5
p__Arthropoda;c__Insecta;o__Coleoptera;f__Ptiliidae	Prey - Insect	1	43	0	9	9	17	8	791	0	0	0	877
p__Arthropoda;c__Insecta;o__Coleoptera;f__Staphylinidae	Prey - Insect	25	218	5	8923	10	13	28	24	8842	2	2	18067
p__Arthropoda;c__Insecta;o__Diptera	Prey - Insect	63	5952	20	19	375	810	277	612	138	848	2	9053
p__Arthropoda;c__Insecta;o__Diptera;f__Anthomyiidae	Prey - Insect	1	0	0	0	0	2	0	0	0	0	0	2
p__Arthropoda;c__Insecta;o__Diptera;f__Calliphoridae	Prey - Insect	1	0	0	0	0	0	0	0	3	0	0	3
p__Arthropoda;c__Insecta;o__Diptera;f__Cecidomyiidae	Prey - Insect	13	10	0	3	101	238	5	0	636	0	0	993
p__Arthropoda;c__Insecta;o__Diptera;f__Cecidomyiidae;g__Cecidomyiidae	Prey - Insect	1	0	0	0	0	0	2	0	0	0	0	2
p__Arthropoda;c__Insecta;o__Diptera;f__Cecidomyiidae;g__Cecidomyiidae;s__sp.	Prey - Insect	1	0	0	0	0	107	0	0	0	0	0	107
p__Arthropoda;c__Insecta;o__Diptera;f__Ceratopogonidae	Prey - Insect	5	6	32	121	0	0	0	0	21	0	0	180
p__Arthropoda;c__Insecta;o__Diptera;f__Ceratopogonidae;g__Ceratopogonidae	Prey - Insect	1	0	0	0	6	0	0	0	0	0	0	6
p__Arthropoda;c__Insecta;o__Diptera;f__Ceratopogonidae;g__Culicoides;s__huffi	Prey - Insect	1	0	4	0	0	0	0	0	0	0	0	4
p__Arthropoda;c__Insecta;o__Diptera;f__Chironomidae	Prey - Insect	128	23577	99	9876	18	76	69074	23	269	8944	0	111956
p__Arthropoda;c__Insecta;o__Diptera;f__Chironomidae;g__Chironomus	Prey - Insect	1	0	0	0	0	0	0	0	0	5	0	5
p__Arthropoda;c__Insecta;o__Diptera;f__Chironomidae;g__Microtendipes	Prey - Insect	7	8	0	115	0	0	0	0	0	28	0	151
p__Arthropoda;c__Insecta;o__Diptera;f__Chironomidae;g__Polypedilum;s__okiharaki	Prey - Insect	1	0	0	0	0	0	0	0	24	0	0	24
p__Arthropoda;c__Insecta;o__Diptera;f__Chironomidae;g__Polypedilum;s__tamasemusi	Prey - Insect	1	0	0	0	0	0	0	0	20	0	0	20
p__Arthropoda;c__Insecta;o__Diptera;f__Chironomidae;g__Polypedilum;s__tsukubaense	Prey - Insect	2	0	0	0	0	0	0	0	21	3	0	24
p__Arthropoda;c__Insecta;o__Diptera;f__Chironomidae;g__Rheocricotopus	Prey - Insect	3	5	0	0	0	0	0	0	21	97	0	123
p__Arthropoda;c__Insecta;o__Diptera;f__Chironomidae;g__Rheocricotopus;s__emeiensis	Prey - Insect	1	0	0	0	0	0	0	6	0	0	0	6
p__Arthropoda;c__Insecta;o__Diptera;f__Chironomidae;g__Rheotanytarsus;s__fluminis	Prey - Insect	1	0	0	0	0	0	10	0	0	0	0	10
p__Arthropoda;c__Insecta;o__Diptera;f__Chironomidae;g__Sublettea;s__wilesi	Prey - Insect	1	15	0	0	0	0	0	0	0	291	0	306
p__Arthropoda;c__Insecta;o__Diptera;f__Chironomidae;g__Tanytarsus	Prey - Insect	4	12	4	5	0	0	0	0	732	66	0	819
p__Arthropoda;c__Insecta;o__Diptera;f__Chironomidae;g__Tanytarsus;s__pollexus	Prey - Insect	1	0	0	96	0	0	0	0	0	0	0	96
p__Arthropoda;c__Insecta;o__Diptera;f__Chironomidae;g__Thienemanniella	Prey - Insect	1	0	0	0	7	0	0	0	0	0	0	7
p__Arthropoda;c__Insecta;o__Diptera;f__Chloropidae	Prey - Insect	10	134	12	189	0	0	18	0	231	273	76	933
p__Arthropoda;c__Insecta;o__Diptera;f__Chloropidae;g__Chloropidae	Prey - Insect	7	41	0	4	200	1099	0	13	3	0	0	1360
p__Arthropoda;c__Insecta;o__Diptera;f__Chloropidae;g__Siphunculina	Prey - Insect	2	1633	15	3207	9	0	15	5	3366	4617	2199	15066
p__Arthropoda;c__Insecta;o__Diptera;f__Culicidae	Prey - Insect	1	5	0	0	0	0	0	0	0	0	0	5
p__Arthropoda;c__Insecta;o__Diptera;f__Dolichopodidae	Prey - Insect	3	4	0	2	0	0	0	89	0	0	0	95
p__Arthropoda;c__Insecta;o__Diptera;f__Drosophilidae	Prey - Insect	1	2	0	0	0	0	0	0	0	0	0	2
p__Arthropoda;c__Insecta;o__Diptera;f__Drosophilidae;g__Drosophila;s__asper	Prey - Insect	1	0	0	0	0	0	0	0	8	0	0	8
p__Arthropoda;c__Insecta;o__Diptera;f__Hybotidae	Prey - Insect	4	3058	0	0	0	0	0	0	7	9	0	3074
p__Arthropoda;c__Insecta;o__Diptera;f__Limoniidae	Prey - Insect	2	17	3	4	0	1057	0	0	0	0	0	1081
p__Arthropoda;c__Insecta;o__Diptera;f__Milichiidae	Prey - Insect	1	0	0	0	0	0	0	0	3	0	0	3
p__Arthropoda;c__Insecta;o__Diptera;f__Muscidae;g__Hydrotaea	Prey - Insect	1	0	0	0	0	6	0	0	0	0	0	6
p__Arthropoda;c__Insecta;o__Diptera;f__Muscidae;g__Myospila	Prey - Insect	4	3	0	0	0	265	0	0	0	0	0	268
p__Arthropoda;c__Insecta;o__Diptera;f__Muscidae;g__Myospila;s__argentata	Prey - Insect	13	91	0	12	25	6489	63	4	14	8	0	6706
p__Arthropoda;c__Insecta;o__Diptera;f__Mycetophilidae	Prey - Insect	1	5	0	0	0	0	0	0	75	0	0	80
p__Arthropoda;c__Insecta;o__Diptera;f__Mycetophilidae;g__Mycetophilidae	Prey - Insect	1	0	0	0	0	0	0	0	198	0	0	198
p__Arthropoda;c__Insecta;o__Diptera;f__Psychodidae	Prey - Insect	12	17	0	0	112	92	3	169	0	0	0	393
p__Arthropoda;c__Insecta;o__Diptera;f__Psychodidae;g__Psychoda	Prey - Insect	4	39	0	0	9	3	9	1213	0	0	0	1273
p__Arthropoda;c__Insecta;o__Diptera;f__Psychodidae;g__Psychodidae	Prey - Insect	1	0	0	0	4	0	0	0	0	0	0	4
p__Arthropoda;c__Insecta;o__Diptera;f__Sarcophagidae	Prey - Insect	3	0	0	0	0	0	4	0	31	152	0	187
p__Arthropoda;c__Insecta;o__Diptera;f__Sciaridae	Prey - Insect	19	60	7	6	149	9998	17	0	55	5	0	10297
p__Arthropoda;c__Insecta;o__Diptera;f__Sciaridae;g__Bradysia;s__ocellaris	Prey - Insect	1	0	0	0	33	0	0	0	0	0	0	33
p__Arthropoda;c__Insecta;o__Diptera;f__Simuliidae	Prey - Insect	2	0	0	0	0	0	0	2	3	0	0	5
p__Arthropoda;c__Insecta;o__Diptera;f__Simuliidae;g__Simulium;s__burtoni	Prey - Insect	2	0	0	0	0	0	0	0	0	82	0	82
p__Arthropoda;c__Insecta;o__Diptera;f__Simuliidae;g__Simulium;s__siamense	Prey - Insect	1	0	4	7	0	0	0	0	0	0	0	11
p__Arthropoda;c__Insecta;o__Diptera;f__Simuliidae;g__Simulium;s__tani	Prey - Insect	1	0	0	0	0	2	0	0	0	0	0	2
p__Arthropoda;c__Insecta;o__Diptera;f__Simuliidae;g__Simulium;s__yvonneae	Prey - Insect	2	0	0	0	0	0	0	0	9	0	0	9
p__Arthropoda;c__Insecta;o__Diptera;f__Sphaeroceridae;g__Coproica	Prey - Insect	2	0	0	0	0	0	0	0	9	28	0	37
p__Arthropoda;c__Insecta;o__Diptera;f__Tabanidae	Prey - Insect	1	0	0	0	0	0	0	0	0	0	3	3
p__Arthropoda;c__Insecta;o__Diptera;f__Tabanidae;g__Tabanus	Prey - Insect	2	26	0	1141	0	2	0	0	0	0	0	1169
p__Arthropoda;c__Insecta;o__Diptera;f__Tachinidae;g__Tachinidae	Prey - Insect	1	0	0	0	0	0	0	0	14	0	0	14
p__Arthropoda;c__Insecta;o__Ephemeroptera;f__Baetidae	Prey - Insect	1	0	0	4	0	0	0	0	0	0	0	4
p__Arthropoda;c__Insecta;o__Ephemeroptera;f__Baetidae;g__Baetidae	Prey - Insect	2	0	0	0	0	0	0	0	7	0	0	7
p__Arthropoda;c__Insecta;o__Ephemeroptera;f__Baetidae;g__Pseudocloeon	Prey - Insect	3	3	0	159	0	0	0	0	0	0	0	162
p__Arthropoda;c__Insecta;o__Ephemeroptera;f__Dipteromimidae	Prey - Insect	1	0	0	0	0	0	0	0	43	0	0	43
p__Arthropoda;c__Insecta;o__Ephemeroptera;f__Ephemeridae;g__Ephemera	Prey - Insect	4	3033	6	17	0	0	0	0	33	25	0	3114
p__Arthropoda;c__Insecta;o__Ephemeroptera;f__Heptageniidae;g__Thalerosphyrus	Prey - Insect	1	0	0	0	0	0	0	0	3	0	0	3
p__Arthropoda;c__Insecta;o__Ephemeroptera;f__Heptageniidae;g__Thalerosphyrus;s__flowersi	Prey - Insect	4	20	0	0	0	0	0	0	679	0	0	699
p__Arthropoda;c__Insecta;o__Ephemeroptera;f__Leptophlebiidae	Prey - Insect	1	0	2	0	0	0	0	0	0	0	0	2
p__Arthropoda;c__Insecta;o__Ephemeroptera;f__Leptophlebiidae;g__Choroterpides	Prey - Insect	2	0	5	0	0	0	0	0	0	3	0	8
p__Arthropoda;c__Insecta;o__Ephemeroptera;f__Teloganodidae	Prey - Insect	1	0	0	0	0	0	0	0	8	0	0	8
p__Arthropoda;c__Insecta;o__Ephemeroptera;f__Teloganodidae;g__Dudgeodes	Prey - Insect	1	0	0	0	0	0	0	0	16	0	0	16
p__Arthropoda;c__Insecta;o__Hemiptera;f__Belostomatidae;g__Lethocerus;s__indicus	Prey - Insect	1	0	0	0	0	0	0	0	0	40	0	40
p__Arthropoda;c__Insecta;o__Hemiptera;f__Cicadidae	Prey - Insect	1	0	0	0	0	0	3	0	0	0	0	3
p__Arthropoda;c__Insecta;o__Hemiptera;f__Halimococcidae	Prey - Insect	2	0	0	0	4	41	0	0	0	0	0	45
p__Arthropoda;c__Insecta;o__Hemiptera;f__Reduviidae	Prey - Insect	2	0	0	0	8	5	0	0	0	0	0	13
p__Arthropoda;c__Insecta;o__Hemiptera;f__Reduviidae;g__Rhynocoris;s__kumarii	Prey - Insect	2	0	0	0	10	19	15	0	0	0	0	44
p__Arthropoda;c__Insecta;o__Hymenoptera;f__Apidae	Prey - Insect	2	0	4	0	0	0	0	0	0	2	0	6
p__Arthropoda;c__Insecta;o__Hymenoptera;f__Apidae;g__Geniotrigona;s__thoracica	Prey - Insect	1	5	0	0	0	0	0	0	0	90	0	95
p__Arthropoda;c__Insecta;o__Hymenoptera;f__Apoidea;g__Apoidea	Prey - Insect	1	0	0	0	0	0	0	0	0	6	0	6
p__Arthropoda;c__Insecta;o__Hymenoptera;f__Diapriidae	Prey - Insect	1	0	0	0	4	0	0	0	0	0	0	4
p__Arthropoda;c__Insecta;o__Hymenoptera;f__Formicidae	Prey - Insect	3	0	0	0	13	0	0	0	0	98	0	111
p__Arthropoda;c__Insecta;o__Hymenoptera;f__Formicidae;g__Brachyponera;s__brevidorsa	Prey - Insect	1	0	0	0	0	0	0	0	0	3	0	3
p__Arthropoda;c__Insecta;o__Hymenoptera;f__Formicidae;g__Carebara	Prey - Insect	1	25	0	0	0	0	0	0	0	0	0	25
p__Arthropoda;c__Insecta;o__Hymenoptera;f__Formicidae;g__Carebara;s__diversa	Prey - Insect	2	1925	0	0	0	0	0	0	0	0	0	1925
p__Arthropoda;c__Insecta;o__Hymenoptera;f__Formicidae;g__Crematogaster;s__rogenhoferi	Prey - Insect	1	3	0	0	0	0	0	0	0	0	0	3
p__Arthropoda;c__Insecta;o__Hymenoptera;f__Formicidae;g__Tapinoma;s__indicum	Prey - Insect	2	2	0	0	0	3	0	0	14	0	0	19
p__Arthropoda;c__Insecta;o__Hymenoptera;f__Formicidae;g__Tetramorium	Prey - Insect	6	14	3	0	0	0	6	0	0	192	0	215
p__Arthropoda;c__Insecta;o__Hymenoptera;f__Formicidae;g__Tetramorium;s__pacificum	Prey - Insect	4	58	5	0	7	0	13	0	2	6398	0	6483
p__Arthropoda;c__Insecta;o__Hymenoptera;f__Hymenoptera	Prey - Insect	5	159	0	10	0	0	8	0	4	5	0	186
p__Arthropoda;c__Insecta;o__Hymenoptera;f__Tenthredinidae	Prey - Insect	1	0	0	0	3	0	0	0	0	0	0	3
p__Arthropoda;c__Insecta;o__Lepidoptera	Prey - Insect	9	21	5	3	0	5	12	16	0	28	916	1006
p__Arthropoda;c__Insecta;o__Lepidoptera;f__Crambidae	Prey - Insect	5	4	0	2	0	2	15	0	0	182	0	205
p__Arthropoda;c__Insecta;o__Lepidoptera;f__Erebidae;g__Bastilla	Prey - Insect	1	0	0	0	0	0	0	0	0	14	0	14
p__Arthropoda;c__Insecta;o__Lepidoptera;f__Erebidae;g__Rusicada;s__revocans	Prey - Insect	1	0	0	0	0	0	0	0	13	0	0	13
p__Arthropoda;c__Insecta;o__Lepidoptera;f__Lepidoptera;g__Lepidoptera	Prey - Insect	1	0	0	0	0	0	0	3	0	0	0	3
p__Arthropoda;c__Insecta;o__Lepidoptera;f__Nymphalidae;g__Charaxes;s__bernardus	Prey - Insect	1	0	0	49	0	0	0	0	0	0	0	49
p__Arthropoda;c__Insecta;o__Lepidoptera;f__Nymphalidae;g__Polyura;s__athamas	Prey - Insect	3	4	0	130	0	0	0	0	0	0	0	134
p__Arthropoda;c__Insecta;o__Mantodea;f__Mantidae	Prey - Insect	1	0	0	0	2	0	0	0	0	0	0	2
p__Arthropoda;c__Insecta;o__Megaloptera;f__Corydalidae;g__Neoneuromus;s__sikkimmensis	Prey - Insect	1	0	0	0	0	0	0	4	0	0	0	4
p__Arthropoda;c__Insecta;o__Megaloptera;f__Corydalidae;g__Nevromus;s__aspoeck	Prey - Insect	1	0	0	0	0	0	0	0	0	17	0	17
p__Arthropoda;c__Insecta;o__Odonata	Prey - Insect	1	0	0	0	0	0	0	0	0	4	0	4
p__Arthropoda;c__Insecta;o__Odonata;f__Aeshnidae;g__Asiagomphus	Prey - Insect	2	0	2	0	0	0	3	0	15	0	0	20
p__Arthropoda;c__Insecta;o__Odonata;f__Aeshnidae;g__Periaeschna	Prey - Insect	1	12	0	0	0	0	0	13	0	0	0	25
p__Arthropoda;c__Insecta;o__Odonata;f__Calopterygidae;g__Calopteryx;s__maculata	Prey - Insect	1	0	0	7	0	0	0	0	0	0	0	7
p__Arthropoda;c__Insecta;o__Odonata;f__Chlorocyphidae;g__Heliocypha;s__bisignata	Prey - Insect	1	0	0	0	0	0	0	0	8	0	0	8
p__Arthropoda;c__Insecta;o__Odonata;f__Chlorogomphidae;g__Chlorogomphus	Prey - Insect	1	0	0	0	4	0	0	0	0	0	0	4
p__Arthropoda;c__Insecta;o__Odonata;f__Corduliidae;g__Epophthalmia	Prey - Insect	2	10	0	0	99	0	0	10	0	0	0	119
p__Arthropoda;c__Insecta;o__Odonata;f__Gomphidae;g__Burmagomphus;s__divaricatus	Prey - Insect	1	2	0	0	0	0	0	0	2	0	0	4
p__Arthropoda;c__Insecta;o__Odonata;f__Gomphidae;g__Heliogomphus;s__selysi	Prey - Insect	3	131	0	0	0	0	0	7	0	0	0	138
p__Arthropoda;c__Insecta;o__Odonata;f__Gomphidae;g__Mattigomphus;s__tamdaoensis	Prey - Insect	1	0	0	0	0	0	0	5	0	0	0	5
p__Arthropoda;c__Insecta;o__Odonata;f__Libellulidae;g__Zygonyx;s__iris	Prey - Insect	5	17	2	0	2	0	2	0	70	133	648	874
p__Arthropoda;c__Insecta;o__Psocoptera	Prey - Insect	1	0	0	0	0	4	0	0	0	0	0	4
p__Arthropoda;c__Insecta;o__Psocoptera;f__Amphipsocidae	Prey - Insect	1	0	0	0	0	0	0	107	0	0	0	107
p__Arthropoda;c__Insecta;o__Thysanoptera;f__Phlaeothripidae;g__Haplothrips;s__tenuipennis	Prey - Insect	1	0	0	0	0	0	39	0	0	0	0	39
p__Arthropoda;c__Insecta;o__Thysanoptera;f__Thripidae	Prey - Insect	2	2	0	0	33	0	0	0	0	0	0	35
p__Arthropoda;c__Insecta;o__Trichoptera;f__Hydrobiosidae;g__Tiphobiosis	Prey - Insect	1	0	0	3	0	0	0	0	0	0	0	3
p__Arthropoda;c__Insecta;o__Trichoptera;f__Hydropsychidae;g__Cheumatopsyche	Prey - Insect	1	0	0	0	0	0	0	0	5	0	0	5
p__Arthropoda;c__Insecta;o__Trichoptera;f__Hydropsychidae;g__Hydromanicus;s__inferior	Prey - Insect	1	0	0	0	0	0	6	0	0	0	0	6
p__Arthropoda;c__Insecta;o__Trichoptera;f__Leptoceridae;g__Setodes;s__isis	Prey - Insect	1	0	0	4	0	0	0	0	0	0	0	4
p__Arthropoda;c__Insecta;o__Trichoptera;f__Leptoceridae;g__Triaenodes;s__dusrus	Prey - Insect	1	0	0	0	0	0	0	0	0	2	0	2
p__Arthropoda;c__Insecta;o__Trichoptera;f__Odontoceridae	Prey - Insect	2	0	0	11	0	0	0	0	0	0	0	11
p__Arthropoda;c__Insecta;o__Trichoptera;f__Odontoceridae;g__Marilia;s__aerope	Prey - Insect	6	164	10	33052	9	5	17	0	3	5	0	33265
p__Arthropoda;c__Insecta;o__Trichoptera;f__Philopotamidae	Prey - Insect	1	0	0	0	0	0	0	0	0	3	0	3
p__Arthropoda;c__Insecta;o__Trichoptera;f__Philopotamidae;g__Chimarra	Prey - Insect	1	0	0	0	0	0	0	0	7	0	0	7
p__Arthropoda;c__Insecta;o__Trichoptera;f__Philopotamidae;g__Chimarra;s__akkaorum	Prey - Insect	1	0	0	0	0	0	0	0	0	17	0	17
p__Arthropoda;c__Insecta;o__Trichoptera;f__Psychomyiidae;g__Lype	Prey - Insect	1	0	0	0	0	0	0	3	0	0	0	3
p__Arthropoda;c__Insecta;o__Trichoptera;f__Stenopsychidae;g__Stenopsyche;s__siamensis	Prey - Insect	1	0	60	0	0	0	0	0	0	0	0	60
p__Arthropoda;c__Malacostraca;o__Decapoda	Prey - Malacostraca	13	5115	32107	92216	25	28	62	11	1352	16373	2620	149909
p__Arthropoda;c__Malacostraca;o__Decapoda;f__Cryptochiridae	Prey - Malacostraca	1	0	0	0	0	0	0	0	0	0	7	7
p__Arthropoda;c__Malacostraca;o__Decapoda;f__Gecarcinucidae	Prey - Malacostraca	1	0	7	0	0	0	0	0	0	0	0	7
p__Arthropoda;c__Malacostraca;o__Decapoda;f__Palaemonidae	Prey - Malacostraca	1	0	0	0	3	0	0	0	0	0	0	3
p__Arthropoda;c__Malacostraca;o__Decapoda;f__Palaemonidae;g__Macrobrachium	Prey - Malacostraca	25	1866	25265	32155	13	75	12262	15	25761	24075	5	121492
p__Arthropoda;c__Malacostraca;o__Decapoda;f__Palaemonidae;g__Macrobrachium;s__hendersoni	Prey - Malacostraca	1	0	162	0	0	0	0	0	0	0	0	162
p__Arthropoda;c__Malacostraca;o__Decapoda;f__Palaemonidae;g__Macrobrachium;s__niphanae	Prey - Malacostraca	1	0	0	0	0	0	0	0	0	0	6	6
p__Arthropoda;c__Malacostraca;o__Decapoda;f__Parathelphusidae	Prey - Malacostraca	16	78	8	8745	5	7	40	0	69	1106	102	10160
p__Arthropoda;c__Malacostraca;o__Decapoda;f__Parathelphusidae;g__Siamthelphusa	Prey - Malacostraca	7	0	0	73	0	0	0	0	9	19	220	321
p__Arthropoda;c__Malacostraca;o__Decapoda;f__Potamidae	Prey - Malacostraca	72	38596	47732	284	39745	60872	110876	27266	102781	114808	14002	556962
p__Mollusca;c__Bivalvia;o__Unionida;f__Unionidae;g__Pilsbryoconcha;s__compressa	Prey - Mollusk	2	2	0	0	0	0	0	0	0	4	0	6
p__Mollusca;c__Bivalvia;o__Unionida;f__Unionidae;g__Trapezoideus;s__foliaceus	Prey - Mollusk	2	117	0	0	0	0	0	0	0	0	0	117
p__Mollusca;c__Gastropoda;o__Caenogastropoda;f__Thiaridae	Prey - Mollusk	1	0	0	0	0	0	0	0	0	33	0	33
p__Mollusca;c__Gastropoda;o__Caenogastropoda;f__Thiaridae;g__Mieniplotia;s__scabra	Prey - Mollusk	1	0	0	0	0	0	0	0	0	11	0	11
p__Mollusca;c__Gastropoda;o__Caenogastropoda;f__Thiaridae;g__Tarebia	Prey - Mollusk	2	6	0	0	0	0	0	0	60	12	0	78
p__Mollusca;c__Gastropoda;o__Stylommatophora	Prey - Mollusk	1	0	0	0	0	0	0	0	14	0	0	14
p__Mollusca;c__Gastropoda;o__Systellommatophora;f__Veronicellidae	Prey - Mollusk	1	0	0	0	0	0	0	0	7	0	0	7
