Final_taxon	Label	Total_ASVs	PVKR001	PVKR001-16S.PV.Blk1	PVKR001-16S.PV.Blk3	PVKR002	PVKR002-16S.PV.Blk1	PVKR003	PVKR003-16S.PV.Blk1	PVKR003-16S.PV.Blk3	PVKR004	PVKR004-16S.PV.Blk1	PVKR004-16S.PV.Blk3	PVKR005	PVKR005-16S.PV.Blk1	PVKR005-16S.PV.Blk3	PVKR006	PVKR006-16S.PV.Blk1	PVKR006-16S.PV.Blk3	PVKR007	PVKR007-16S.PV.Blk1	PVKR007-16S.PV.Blk3	PVKR008	PVKR008-16S.PV.Blk1	PVKR008-16S.PV.Blk3	PVKR009	PVKR009-16S.PV.Blk1	PVKR010	PVKR010-16S.PV.Blk1	PVKR010-16S.PV.Blk3	PVKR011	PVKR011-16S.PV.Blk1	PVKR011-16S.PV.Blk3	PVKR012	PVKR012-16S.PV.Blk1	PVKR012-16S.PV.Blk3	PVKR013	PVKR013-16S.PV.Blk1	PVKR013-16S.PV.Blk3	PVKR014	PVKR014-16S.PV.Blk1	PVKR014-16S.PV.Blk3	PVKR021	PVKR021-16S.PV.Blk1	PVKR021-16S.PV.Blk3	PVKR022	PVKR022-16S.PV.Blk3	PVKR023	PVKR023-16S.PV.Blk1	PVKR023-16S.PV.Blk3	PVKR024	PVKR024-16S.PV.Blk1	PVKR024-16S.PV.Blk3	PVKR025	PVKR025-16S.PV.Blk1	PVKR025-16S.PV.Blk3	PVKR026	PVKR026-16S.PV.Blk1	PVKR026-16S.PV.Blk3	PVKR027	PVKR027-16S.PV.Blk1	PVKR027-16S.PV.Blk3	PVKR028	PVKR028-16S.PV.Blk1	PVKR028-16S.PV.Blk3	PVKR029	PVKR029-16S.PV.Blk3	Total_read
p__Chordata;c__Mammalia;o__Carnivora;f__Felidae;g__Prionailurus	Host - Prionailurus sp.	43	26120	1568	639	78712	7425	635	130	100	421	80	324	345	55	55	1415	123	122	2891	5898	4687	695	260	121	19	376	107	137	10	108	12	71	258	107	405	1861	72	35	7863	3407	6757	40	52	8	54	124	28	97	71	12	440	11890	0	0	0	18	0	0	0	0	25	18	0	0	28	0	167331
p__Chordata;c__Mammalia;o__Carnivora;f__Felidae;g__Prionailurus;s__viverrinus	Host - Prionailurus viverrinus	508	121411	14078	142672	42024	4337	149570	8682	37125	148671	124150	166571	145113	65488	140036	202776	33723	43446	75161	258231	175434	130650	38940	148435	5079	2169	91621	118135	67306	160091	12890	5020	223319	64434	26325	236965	15714	4920	132996	18807	69156	190226	14249	37715	237302	3969	96311	36873	167479	161105	17931	129351	34339	1189	50082	74207	2316	14222	296661	8413	57481	144634	1090	18127	347271	87399	5901613
No Hit	No Hit	517	66	1050	762	183	3132	157	327	376	36	73	264	25263	117819	68555	804	4452	3533	68	459	1766	987	148	13362	10	844	21	31	88	77	2624	2637	219	6704	6688	162	21	8	164	209	1769	27	64	29	516	14	6	36	1537	4	10	26	0	33	12	1629	517	207	69554	484	5388	215742	159724	359229	470	184	1081360
p__Chordata;c__Mammalia;o__Primates;f__Hominidae	Artifact  - Primates	5	0	0	0	0	0	0	0	0	0	0	0	0	0	0	0	0	0	0	0	0	0	0	0	0	0	0	0	0	0	0	23	0	0	11	0	0	13	0	0	7	0	4	33424	0	6	0	0	21	0	0	21	0	0	0	0	0	5	0	0	0	0	0	0	0	0	33535
p__Chordata;c__Mammalia;o__Primates;f__Hominidae;g__Homo	Artifact  - Primates	1	0	0	0	0	0	0	0	0	0	0	0	0	0	0	0	0	0	0	3	0	0	0	0	0	0	0	0	0	0	0	0	0	0	0	0	0	0	0	0	0	0	0	0	0	0	0	0	0	0	0	0	0	0	0	0	0	0	0	0	0	0	0	0	0	0	3
p__Chordata;c__Mammalia;o__Primates;f__Hominidae;g__Homo;s__sapiens	Artifact  - Primates	25	0	58	8	0	8	0	487	7	0	0	0	0	0	6	0	2	2	0	176	105	0	0	0	0	0	0	0	1227	25	3134	63	59	1985	36	736	31	24	0	3	25	2	68785	43	0	333	0	0	30613	0	5	30000	0	8	9	0	9	5	347	0	0	999	2	0	0	0	139367
p__Chordata;c__Mammalia;o__Artiodactyla;f__Suidae	Artifact - Artiodactyla	4	0	0	0	0	0	0	0	0	0	0	0	0	0	0	0	0	0	0	0	0	0	0	0	0	4	0	0	0	0	3	0	0	0	0	3	0	0	0	0	0	0	0	0	0	5	0	0	0	0	0	0	0	0	0	0	0	0	0	0	0	0	0	0	0	0	15
p__Chordata;c__Mammalia;o__Artiodactyla;f__Suidae;g__Sus	Artifact - Artiodactyla	14	0	30	5	0	110	0	50	8	0	22	5	0	40	9	0	4	5	0	145	13	0	8	3	0	15498	0	22	3	97	1116	12	324	2606	20	0	4	3	0	0	0	2	6	5	3	3955	0	0	2	0	3	0	0	0	0	0	2	0	0	0	0	0	0	0	0	0	24140
p__Chordata;c__Mammalia;o__Artiodactyla;f__Suidae;g__Sus;s__scrofa	Artifact - Artiodactyla	1	0	0	0	0	0	0	0	0	0	0	0	0	0	0	0	0	0	0	0	0	0	0	0	0	0	0	0	0	0	0	0	0	0	0	0	0	0	0	3	0	0	0	0	0	0	0	0	0	0	0	0	0	0	0	0	0	0	0	0	0	0	0	0	0	0	3
p__Chordata;c__Mammalia;o__Carnivora	Artifact (Carnivora)	9	192	113	155	129	255	6	16	34	10	91	274	0	14	46	43	18	28	491	9419	10274	14	25	155	0	2	4	33	16	8	2	3	8	3	0	10	0	0	1023	645	1723	7	10	2	6	0	0	355	0	0	5	0	3	3	0	6	0	3	0	0	0	0	0	0	0	0	25682
p__Chordata;c__Mammalia;o__Carnivora;f__Canidae	Artifact (Carnivora)	2	0	0	0	0	0	0	0	0	0	0	3	0	0	0	0	0	0	0	22	0	0	0	0	0	0	0	0	0	0	0	0	0	0	0	0	0	0	0	0	0	0	0	0	0	0	0	0	0	0	0	0	0	0	0	0	0	0	0	0	0	0	0	0	0	0	25
p__Chordata;c__Mammalia;o__Carnivora;f__Canidae;g__Canis	Artifact (Carnivora) - Canis sp.	1	0	0	0	0	0	0	0	0	0	0	0	0	0	0	0	0	0	0	0	11	0	0	0	0	0	0	0	0	0	0	0	0	0	0	0	0	0	0	0	0	0	0	0	0	0	0	0	0	0	0	0	0	0	0	0	0	0	0	0	0	0	0	0	0	0	11
p__Chordata;c__Mammalia;o__Carnivora;f__Canidae;g__Canis;s__lupus	Artifact (Carnivora) - Cuon alpinus	3	0	0	0	0	5	0	0	0	0	0	0	0	0	0	0	0	0	0	44	35	0	0	0	0	0	0	211	30	0	0	0	0	0	0	0	0	0	0	0	0	0	0	0	0	0	0	0	0	0	0	0	0	0	0	0	0	0	0	0	0	0	0	0	0	0	325
p__Chordata;c__Mammalia;o__Carnivora;f__Felidae	Artifact (Carnivora) - Felidae	53	273	494	137	909	1215	25	34	717	50	34	148	20	71	27	211	99	166	1088	3744	2034	24	33	30	0	70	0	135	21	72	130	9	237	344	123	31	0	5	1353	59	1809	30	8	0	9191	1195	11	7	36	16	16	414	18	0	0	6	0	4	0	0	0	6	0	0	0	0	26939
p__Chordata;c__Mammalia;o__Carnivora;f__Mustelidae	Artifact (Carnivora) - Mustelidae	5	0	0	0	0	0	0	0	0	0	0	0	0	0	0	0	0	0	0	2	0	0	0	0	0	0	0	0	0	0	0	0	0	0	0	0	0	0	0	0	0	0	18	17	0	0	0	0	0	0	7	0	0	0	0	0	0	0	0	0	0	0	0	0	0	0	44
p__Chordata;c__Mammalia;o__Carnivora;f__Felidae;g__Neofelis	Artifact (Carnivora) - Neofelis sp.	18	428	4984	1081	724	14858	25	60	19	45	6	76	22	17	39	412	66	102	1350	3820	3121	45	6	26	8	6	7	16	10	5	16	60	18	29	81	10	10	34	3951	646	2152	14	5	21	15	195	4	7	48	5	2	18401	0	4	10	6	3	6	6	0	8	7	0	0	13	0	57171
p__Chordata;c__Mammalia;o__Carnivora;f__Mustelidae;g__Aonyx	Artifact (Carnivora) - Otter	4	0	0	0	0	0	0	0	0	0	0	0	0	0	0	0	0	0	0	0	0	0	0	0	0	0	0	0	0	0	0	0	0	0	12	0	0	0	0	0	0	0	4	129	0	0	0	0	0	0	0	0	0	0	0	0	0	0	0	0	0	0	0	0	0	0	145
p__Chordata;c__Mammalia;o__Carnivora;f__Mustelidae;g__Aonyx;s__cinereus	Artifact (Carnivora) - Otter	73	0	0	0	0	0	0	0	0	0	0	0	0	0	0	0	0	0	0	0	0	3	0	0	0	0	0	0	0	0	58289	100	0	14706	77	0	84	54	0	16	45	0	169442	110494	0	4489	0	59	103	0	3772	113	0	89	26	0	103	15	0	0	0	0	0	0	0	0	362079
p__Chordata;c__Mammalia;o__Carnivora;f__Mustelidae;g__Lutra	Artifact (Carnivora) - Otter	1	0	0	0	0	0	0	0	0	0	0	0	0	0	0	0	0	0	0	0	0	0	0	0	0	0	0	0	0	0	0	0	0	0	0	0	0	0	0	0	0	0	0	647	0	0	0	0	0	0	0	0	0	0	0	0	0	0	0	0	0	0	0	0	0	0	647
p__Chordata;c__Mammalia;o__Carnivora;f__Mustelidae;g__Lutra;s__lutra	Artifact (Carnivora) - Otter	4	0	7	0	0	21	0	475	0	0	0	0	0	0	0	0	0	0	0	0	0	0	0	0	0	132	0	1194	0	0	0	0	0	0	0	0	0	0	0	0	0	0	0	0	0	0	0	0	0	0	0	0	0	0	0	0	0	0	0	0	0	0	0	0	0	0	1829
p__Chordata;c__Mammalia;o__Carnivora;f__Mustelidae;g__Lutrogale	Artifact (Carnivora) - Otter	2	0	0	0	0	0	0	0	0	0	2	0	0	3	0	0	0	0	0	0	0	0	0	0	0	0	0	0	0	0	0	0	0	0	0	0	0	0	0	0	0	0	0	0	0	0	0	0	0	0	0	0	0	0	0	0	0	0	0	0	0	0	0	0	0	0	5
p__Chordata;c__Mammalia;o__Carnivora;f__Mustelidae;g__Lutrogale;s__perspicillata	Artifact (Carnivora) - Otter	9	0	745	0	0	251	0	5	0	0	0	0	0	0	0	0	0	0	0	4	0	0	0	0	0	323	0	7	0	0	0	0	0	0	0	0	0	0	0	0	0	0	1012	0	0	0	0	0	0	0	0	0	0	0	0	0	0	0	0	0	0	0	0	0	0	0	2347
p__Chordata;c__Amphibia;o__Anura;f__Ranidae;g__Hylarana	Prey - Amphibian	5	0	0	0	0	0	0	0	0	0	0	0	0	0	0	0	0	0	0	0	0	0	0	0	0	0	0	0	0	0	0	0	0	198	40	0	0	0	0	0	5	0	0	595	0	0	0	0	0	0	0	0	0	0	0	0	0	0	0	0	0	0	0	0	0	0	838
p__Chordata;c__Amphibia;o__Anura;f__Ranidae;g__Hylarana;s__nigrovittata	Prey - Amphibian	81	0	0	0	0	0	0	0	0	0	0	0	0	0	0	0	0	0	0	0	0	0	0	0	0	0	0	0	0	0	119	70	0	293	108	0	50	38	0	21	31	0	250265	113708	0	2256	0	14	29	0	22	37	0	8	13	0	33	13	0	0	0	0	0	0	0	0	367128
p__Chordata;c__Aves;o__Anseriformes;f__Anatidae;g__Dendrocygna	Prey - Aves	2	0	0	0	0	0	0	0	0	0	0	0	0	0	0	0	0	0	0	0	0	0	19	3	0	0	0	0	0	0	0	0	0	0	0	0	0	0	0	0	0	0	0	0	0	0	0	0	0	0	0	0	0	0	0	0	0	0	0	0	0	0	0	0	0	0	22
p__Chordata;c__Aves;o__Anseriformes;f__Anatidae;g__Dendrocygna;s__javanica	Prey - Aves	7	0	0	3	7	0	2	13	4	3	5	0	3	2	13	20	17	27	0	5	6	738	802	1884	0	0	2	0	0	0	0	0	0	0	0	0	0	0	0	0	0	0	0	0	0	0	0	0	0	0	0	0	0	0	0	0	0	0	0	0	0	0	0	0	0	0	3556
p__Chordata;c__Aves;o__Charadriiformes	Prey - Aves	1	0	0	0	0	0	0	0	0	0	0	0	0	0	0	0	0	0	0	12	0	0	0	0	0	0	0	0	0	0	0	0	0	0	0	0	0	0	0	0	0	0	0	0	0	0	0	0	0	0	0	0	0	0	0	0	0	0	0	0	0	0	0	0	0	0	12
p__Chordata;c__Aves;o__Charadriiformes;f__Glareolidae;g__Glareola	Prey - Aves	1	0	0	0	0	0	0	0	0	0	0	0	0	0	0	0	0	0	0	0	0	0	0	0	0	0	0	0	0	0	0	0	0	0	0	0	0	0	0	0	0	0	0	0	0	0	0	0	0	0	0	0	0	0	0	0	0	0	0	0	0	6	0	0	0	0	6
p__Chordata;c__Aves;o__Charadriiformes;f__Jacanidae	Prey - Aves	4	0	0	0	0	0	0	0	0	0	0	0	0	0	6	0	0	0	0	141	0	0	0	0	0	0	0	4	0	0	0	0	0	0	0	0	0	0	0	0	0	0	0	0	0	0	0	0	0	0	0	0	0	0	0	0	0	0	0	0	0	0	0	0	0	0	151
p__Chordata;c__Aves;o__Charadriiformes;f__Jacanidae;g__Metopidius	Prey - Aves	3	0	0	0	0	0	0	0	0	0	0	0	0	0	0	0	0	0	0	29	13	0	0	0	0	0	0	0	0	0	0	0	0	0	0	0	0	0	0	0	0	0	0	0	0	0	0	0	0	0	0	0	0	0	0	0	0	0	0	0	0	0	0	0	0	0	42
p__Chordata;c__Aves;o__Charadriiformes;f__Jacanidae;g__Metopidius;s__indicus	Prey - Aves	16	0	51	143	16	132	9	85	195	3	23	69	6	73	142	10	25	59	1219	34519	25010	0	7	55	0	394	3	23	29	0	0	0	0	0	0	0	0	0	0	0	0	0	0	0	0	0	0	0	0	0	0	0	0	0	0	0	0	0	9	0	0	32	29	7	0	0	62377
p__Chordata;c__Aves;o__Charadriiformes;f__Scolopacidae;g__Calidris	Prey - Aves	1	0	0	0	0	0	0	0	0	0	0	0	0	0	0	0	0	0	0	0	0	0	0	0	0	0	0	8	0	0	0	0	0	0	0	0	0	0	0	0	0	0	0	0	0	0	0	0	0	0	0	0	0	0	0	0	0	0	0	0	0	0	0	0	0	0	8
p__Chordata;c__Aves;o__Charadriiformes;f__Scolopacidae;g__Calidris;s__pygmaea	Prey - Aves	6	0	2	0	0	9	0	0	0	0	4	0	0	0	0	0	0	0	0	7	0	0	0	0	0	0	0	1338	0	2	0	0	0	0	0	0	0	0	0	0	0	0	0	0	0	0	0	0	0	0	0	0	0	0	0	0	0	0	0	0	0	0	0	0	0	0	1362
p__Chordata;c__Aves;o__Galliformes;f__Phasianidae	Prey - Aves	2	0	0	2	0	0	0	0	1529	0	0	2	0	0	0	0	0	0	0	0	0	0	0	0	0	0	0	0	0	0	0	0	0	0	0	0	0	0	0	0	0	0	0	0	0	0	0	0	0	0	0	0	0	0	0	0	0	0	0	0	0	0	0	0	0	0	1533
p__Chordata;c__Aves;o__Gruiformes;f__Rallidae	Prey - Aves	12	0	0	0	12	0	0	0	0	0	0	0	0	0	1	0	0	4	0	0	0	0	0	0	0	4	0	0	0	0	9	5	9	3	15	0	0	0	0	0	0	0	0	0	0	0	0	0	0	0	0	0	0	0	0	10	0	0	0	0	0	0	0	0	0	0	72
p__Chordata;c__Aves;o__Gruiformes;f__Rallidae;g__Lewinia	Prey - Aves	3	0	0	0	0	0	0	21	31	0	0	0	0	0	0	0	0	0	0	0	0	0	0	0	0	0	0	0	0	0	0	0	0	0	0	0	0	0	0	0	0	0	0	0	0	0	0	0	0	0	0	0	0	0	0	0	0	0	0	0	0	0	0	0	0	0	52
p__Chordata;c__Aves;o__Gruiformes;f__Rallidae;g__Lewinia;s__striata	Prey - Aves	30	25	60	67	141	71	35607	83961	62429	18	24	36	42	82	118	51	15	37	18	36	31	15	3	32	4	5	7	10	22	0	0	0	0	0	0	0	0	0	0	0	0	0	0	0	0	0	0	0	0	0	0	0	0	0	0	0	0	0	0	0	0	0	0	0	0	0	182967
p__Chordata;c__Aves;o__Gruiformes;f__Rallidae;g__Porphyrio	Prey - Aves	39	35	132	225	26	54	72	258	262	14	64	111	11469	99964	43436	5103	37589	32392	10	117	104	19	18	69	4	875	14	1388	43	661	8337	3350	1497	21658	8766	4	5	0	0	2	3	0	20	0	0	0	0	0	0	0	0	0	0	0	0	3	18	0	60629	25822	63956	13775	148	318	178	72	443089
p__Chordata;c__Aves;o__Gruiformes;f__Rallidae;g__Porphyrio;s__porphyrio	Prey - Aves	17	0	0	0	32	378	0	2	0	0	0	0	395	4031	1568	0	0	0	0	0	0	0	6	0	0	0	0	1074	0	3	0	0	0	55	0	0	0	2	0	0	0	0	0	0	0	0	0	0	0	0	0	0	0	0	0	0	0	0	1037	0	0	238	1	0	0	0	8822
p__Chordata;c__Aves;o__Gruiformes;f__Rallidae;g__Zapornia	Prey - Aves	2	0	0	0	0	0	0	0	4	0	0	0	0	0	4	0	0	0	0	0	0	0	0	0	0	0	0	0	0	0	0	0	0	0	0	0	0	0	0	0	0	0	0	0	0	0	0	0	0	0	0	0	0	0	0	0	0	0	0	0	0	0	0	0	0	0	8
p__Chordata;c__Aves;o__Gruiformes;f__Rallidae;g__Zapornia;s__fusca	Prey - Aves	28	21	29	47	109	162	25803	79735	42297	9	20	28	39	120	94	17	22	24	6	44	27	21	0	27	6	7	10	11	12	0	0	0	0	0	0	0	0	0	0	0	0	0	0	0	0	0	0	0	0	0	0	0	0	0	0	0	0	0	0	0	0	0	0	0	0	0	148747
p__Chordata;c__Aves;o__Passeriformes	Prey - Aves	3	0	0	0	0	0	0	0	0	0	0	0	3	0	0	4	0	0	0	3	0	0	0	0	0	0	0	0	0	0	0	0	0	0	0	0	0	0	0	0	0	0	0	0	0	0	0	0	0	0	0	0	0	0	0	0	0	0	0	0	0	0	0	0	0	0	10
p__Chordata;c__Aves;o__Passeriformes;f__Muscicapidae	Prey - Aves	1	0	0	0	0	0	0	0	3	0	0	0	0	0	0	0	0	0	0	0	0	0	0	0	0	0	0	0	0	0	0	0	0	0	0	0	0	0	0	0	0	0	0	0	0	0	0	0	0	0	0	0	0	0	0	0	0	0	0	0	0	0	0	0	0	0	3
p__Chordata;c__Aves;o__Passeriformes;f__Muscicapidae;g__Calliope;s__calliope	Prey - Aves	6	0	2	4	0	18	0	4	3	504	2683	1771	8	3	6	3	0	0	0	0	3	2	0	0	0	0	0	0	0	0	0	0	0	0	0	0	0	0	0	0	0	0	0	0	0	0	0	0	0	0	0	0	0	0	0	0	0	0	0	0	0	0	0	0	0	0	5014
p__Chordata;c__Aves;o__Passeriformes;f__Sturnidae	Prey - Aves	3	0	0	0	0	6	0	0	0	0	9	0	0	0	0	0	0	2	0	0	0	0	0	0	0	0	0	0	0	0	0	0	0	0	0	0	0	0	0	0	0	0	0	0	0	0	0	0	0	0	0	0	0	0	0	0	0	0	0	0	0	0	0	0	0	0	17
p__Chordata;c__Aves;o__Passeriformes;f__Sturnidae;g__Acridotheres	Prey - Aves	3	0	0	0	0	0	0	0	2	9	484	123	0	0	0	0	0	0	0	2	0	0	0	0	0	0	0	0	0	0	0	0	0	0	0	0	0	0	0	0	0	0	0	0	0	0	0	0	0	0	0	0	0	0	0	0	0	0	0	0	0	0	0	0	0	0	620
p__Chordata;c__Aves;o__Passeriformes;f__Timaliidae	Prey - Aves	1	0	0	0	0	0	0	0	0	0	8	0	0	0	0	0	0	0	0	0	0	0	0	0	0	0	0	0	0	0	0	0	0	0	0	0	0	0	0	0	0	0	0	0	0	0	0	0	0	0	0	0	0	0	0	0	0	0	0	0	0	0	0	0	0	0	8
p__Chordata;c__Aves;o__Pelecaniformes	Prey - Aves	2	0	0	0	0	0	0	0	0	0	0	0	0	0	0	0	0	0	0	0	0	0	0	0	0	0	0	0	0	0	0	0	0	0	0	0	0	0	0	0	0	0	0	0	0	0	0	0	0	0	0	0	0	0	0	0	0	0	0	0	0	0	0	611	0	0	611
p__Chordata;c__Aves;o__Pelecaniformes;f__Ardeidae	Prey - Aves	5	0	0	0	0	0	0	40	0	0	0	0	0	14	0	2	0	6	0	0	0	0	0	0	0	0	0	6	0	0	0	0	0	0	0	0	0	0	0	0	0	0	0	0	0	0	0	0	0	0	0	0	0	0	0	0	0	0	0	0	0	0	0	0	0	0	68
p__Chordata;c__Aves;o__Pelecaniformes;f__Ardeidae;g__Ardea;s__modesta	Prey - Aves	5	535	1233	450	219	270	0	12	0	5	0	0	4	0	4	0	0	0	3	10	0	3	0	0	2	0	0	0	0	0	0	0	0	0	0	0	0	0	0	0	0	0	0	0	0	0	0	0	0	0	0	0	0	0	0	0	0	0	0	0	0	0	0	0	0	0	2750
p__Chordata;c__Aves;o__Pelecaniformes;f__Ardeidae;g__Ixobrychus	Prey - Aves	5	0	0	0	0	3	0	0	0	0	10	13	0	0	0	0	0	0	0	0	0	0	0	0	0	0	0	0	0	0	0	0	0	0	0	0	0	0	0	0	0	0	0	0	0	0	0	0	0	0	0	0	0	0	0	0	0	0	0	0	0	0	0	0	0	0	26
p__Chordata;c__Aves;o__Pelecaniformes;f__Ardeidae;g__Ixobrychus;s__cinnamomeus	Prey - Aves	19	6	15	60	16	46	10	29	44	3106	17033	21692	11	28	43	0	7	25	5	17	27	0	4	29	0	0	0	0	6	0	0	0	0	0	0	0	0	0	0	0	0	0	0	0	0	0	0	0	0	0	0	0	0	0	0	0	0	0	0	0	0	0	0	0	0	0	42259
p__Chordata;c__Aves;o__Pelecaniformes;f__Ardeidae;g__Ixobrychus;s__sinensis	Prey - Aves	2	0	0	0	0	0	0	0	0	169	1350	967	0	0	0	0	0	0	0	0	0	0	0	0	0	0	0	0	0	0	0	0	0	0	0	0	0	0	0	0	0	0	0	0	0	0	0	0	0	0	0	0	0	0	0	0	0	0	0	0	0	0	0	0	0	0	2486
p__Chordata;c__Aves;o__Phoenicopteriformes;f__Phoenicopteridae	Prey - Aves	1	0	0	0	0	0	0	0	0	0	0	0	0	0	0	0	0	0	0	0	0	0	0	0	0	0	0	0	0	0	0	0	0	0	0	0	0	0	0	0	0	0	0	0	0	0	0	0	0	0	0	0	0	0	0	0	0	0	0	0	0	0	0	1	0	0	1
p__Chordata;c__Aves;o__Suliformes;f__Phalacrocoracidae	Prey - Aves	45	0	0	0	0	9	0	26	0	0	0	0	0	14	0	0	0	0	0	11	0	0	0	0	0	980	0	0	0	65	16430	37241	105	4056	167	51	35	31	39	7	16	38	99	72	28	9	19	8	44	32	5	54	4	6	11	21704	67661	52509	0	0	0	0	0	0	0	0	201586
p__Chordata;c__Aves;o__Suliformes;f__Phalacrocoracidae;g__Phalacrocorax	Prey - Aves	2	0	0	0	0	0	0	0	0	0	0	0	0	6	0	0	0	0	0	0	0	0	0	0	0	0	0	0	0	0	0	0	0	0	0	0	0	0	0	0	0	0	0	0	0	0	0	0	0	0	0	0	0	0	0	0	17	0	0	0	0	0	0	0	0	0	23
p__Chordata;c__Actinopteri;o__Anabantiformes;f__Channidae	Prey - Fish	4	0	0	0	0	0	0	0	0	0	0	0	0	0	0	0	0	0	0	0	4	0	0	0	0	4	0	0	0	0	0	0	0	0	0	0	0	0	0	0	0	0	0	0	0	19	0	7	0	0	0	0	0	0	0	0	0	0	0	0	0	0	0	0	0	0	34
p__Chordata;c__Actinopteri;o__Anabantiformes;f__Channidae;g__Channa	Prey - Fish	3	0	0	0	0	0	0	0	0	0	0	0	0	0	0	0	0	0	0	6	0	0	0	0	0	214	0	0	0	0	0	0	0	5	0	0	0	0	0	0	0	0	0	0	0	0	0	0	0	0	0	0	0	0	0	0	0	0	0	0	0	0	0	0	0	0	225
p__Chordata;c__Actinopteri;o__Anabantiformes;f__Channidae;g__Channa;s__striata	Prey - Fish	22	34	5	6	94	19	68	0	17	38	7	4	64	6	7	63	0	3	30	1870	1312	25	0	0	18181	0	28	0	4	0	7	14	0	57	52	0	8	0	0	5	0	0	4	0	0	8763	0	5	6	0	0	3	0	9	0	0	3	2	0	0	0	0	0	0	0	0	30823
p__Chordata;c__Actinopteri;o__Cichliformes;f__Cichlidae	Prey - Fish	5	0	0	0	0	0	0	0	0	0	0	0	0	2	0	0	0	0	0	0	0	0	0	0	0	0	0	0	0	0	0	0	0	0	0	0	0	0	5	11	0	0	0	0	0	0	0	22	5	0	0	0	0	27	0	0	0	0	0	0	0	0	0	0	0	0	72
p__Chordata;c__Actinopteri;o__Cichliformes;f__Cichlidae;g__Oreochromis	Prey - Fish	15	0	0	0	0	0	0	0	0	0	0	0	0	0	0	0	0	0	0	0	0	0	0	0	0	0	0	0	0	0	0	0	0	0	0	0	0	0	0	0	0	0	0	0	0	0	0	0	0	0	0	0	0	0	0	0	0	0	42279	7	16	8889	10	25	51	28	51305
p__Chordata;c__Actinopteri;o__Cichliformes;f__Cichlidae;g__Sarotherodon	Prey - Fish	2	0	0	0	0	0	0	0	0	0	0	0	0	0	0	0	0	0	0	0	0	0	0	0	0	0	0	0	0	0	0	0	0	0	0	0	0	0	0	0	0	0	0	0	0	0	0	0	0	0	0	0	0	55	0	0	0	0	0	0	0	0	0	0	0	0	55
p__Chordata;c__Actinopteri;o__Cichliformes;f__Cichlidae;g__Sarotherodon;s__melanotheron	Prey - Fish	33	0	4	2770	0	40	2	11	18	99	2721	355	4	32	12	0	6	3	0	310	28	0	0	9	3	1080	0	0	0	16	28	57	24	128	135	8	17	15	3621	13599	10498	4	39	45	4	10	0	4849	33889	3	6	22	0	15043	4	4	10	10	0	0	0	0	0	0	0	0	89595
p__Chordata;c__Actinopteri;o__Cypriniformes	Prey - Fish	15	0	0	0	0	0	0	0	0	0	0	0	0	0	0	0	0	0	0	0	0	0	0	0	0	0	0	0	0	0	7	4	0	17	26	0	3	3	0	0	7	0	3363	4671	0	26	0	4	0	0	0	4	0	27	0	0	0	5	0	0	0	0	0	0	0	0	8167
p__Chordata;c__Actinopteri;o__Cypriniformes;f__Cyprinidae	Prey - Fish	8	0	0	0	0	0	0	0	0	0	0	0	0	0	0	0	0	0	0	0	0	0	0	0	0	0	0	0	0	0	0	0	0	17	0	0	0	0	0	0	7	0	3002	0	0	3044	0	0	0	0	0	0	0	55	0	0	0	0	0	0	0	0	0	0	0	0	6125
p__Chordata;c__Actinopteri;o__Cypriniformes;f__Cyprinidae;g__Barbonymus	Prey - Fish	2	0	0	0	0	0	0	0	0	0	0	0	0	0	0	0	0	0	0	0	0	0	0	0	0	0	0	0	0	0	0	0	0	0	16	0	0	0	0	0	0	0	0	0	0	3121	0	0	0	0	0	0	0	0	0	0	0	0	0	0	0	0	0	0	0	0	3137
p__Chordata;c__Actinopteri;o__Cypriniformes;f__Cyprinidae;g__Barbonymus;s__gonionotus	Prey - Fish	2	0	0	0	0	0	0	0	0	0	0	0	0	0	0	0	0	0	0	0	0	0	0	0	0	0	0	0	0	0	0	0	0	12	0	0	0	0	0	0	0	0	3431	25	0	182	0	0	0	0	0	0	0	16	0	0	0	0	0	0	0	0	0	0	0	0	3666
p__Chordata;c__Actinopteri;o__Cypriniformes;f__Cyprinidae;g__Cyclocheilichthys	Prey - Fish	11	0	0	0	0	0	0	0	0	0	0	0	0	0	0	0	0	0	0	0	0	0	0	0	0	0	0	0	0	0	0	20	0	0	47	0	0	0	0	0	0	0	1198	10	0	10174	0	0	0	0	0	0	0	0	0	0	0	0	0	0	0	0	0	0	0	0	11449
p__Chordata;c__Actinopteri;o__Cypriniformes;f__Cyprinidae;g__Henicorhynchus;s__siamensis	Prey - Fish	9	0	0	0	0	0	0	0	0	0	0	0	0	0	0	0	0	0	0	0	0	0	0	0	0	0	0	0	0	0	0	0	0	0	14	0	0	0	0	0	3744	0	0	5	0	6	0	0	3	0	0	0	0	0	0	0	0	0	50	5	9	82	4	27	35	31127	35111
p__Chordata;c__Actinopteri;o__Cypriniformes;f__Cyprinidae;g__Labiobarbus	Prey - Fish	3	0	0	0	0	0	0	0	0	0	0	0	0	0	0	0	0	0	0	0	0	0	0	0	0	0	0	0	0	0	0	0	0	0	0	0	0	0	0	0	0	0	0	0	0	10	0	0	0	0	0	0	0	9	0	0	0	0	0	0	0	0	0	0	0	0	19
p__Chordata;c__Actinopteri;o__Cypriniformes;f__Cyprinidae;g__Labiobarbus;s__spilopleura	Prey - Fish	4	0	0	0	0	0	0	0	0	0	0	0	0	0	0	0	0	0	0	0	0	0	0	0	0	0	0	0	0	0	7	0	0	36	0	0	0	0	0	8	0	0	1382	169	0	0	0	0	0	0	0	0	0	8070	0	0	0	0	0	0	0	0	0	0	0	0	9672
p__Chordata;c__Actinopteri;o__Cypriniformes;f__Cyprinidae;g__Mystacoleucus;s__marginatus	Prey - Fish	1	0	0	0	0	0	0	0	0	0	0	0	0	0	0	0	0	0	0	0	0	0	0	0	0	106	0	0	0	0	0	0	0	0	0	0	0	0	0	0	0	0	0	0	0	0	0	0	0	0	0	0	0	0	0	0	0	0	0	0	0	0	0	0	0	0	106
p__Chordata;c__Actinopteri;o__Cypriniformes;f__Cyprinidae;g__Osteochilus	Prey - Fish	3	0	0	0	0	0	0	0	0	0	0	0	0	0	0	0	0	0	0	0	0	0	0	0	0	0	0	0	0	0	0	0	0	0	0	0	0	0	0	0	0	0	0	0	0	861	0	0	0	0	0	0	0	0	0	0	0	0	0	0	0	0	0	0	0	0	861
p__Chordata;c__Actinopteri;o__Cypriniformes;f__Cyprinidae;g__Scaphiodonichthys;s__burmanicus	Prey - Fish	1	0	0	0	0	0	0	0	0	0	0	0	0	0	0	0	0	0	0	0	0	0	0	0	0	0	0	0	0	0	0	0	0	0	0	0	0	0	0	0	0	0	0	0	0	0	0	0	0	0	0	0	0	0	0	3	0	0	0	0	0	0	0	0	0	0	3
p__Chordata;c__Actinopteri;o__Gobiiformes	Prey - Fish	2	0	0	0	0	0	0	0	0	0	0	0	0	0	0	0	0	0	0	0	0	0	0	0	0	0	0	0	0	40	0	0	0	6	0	0	0	0	0	0	0	0	0	0	0	0	0	0	0	0	0	0	0	0	0	0	0	0	0	0	0	0	0	0	0	0	46
p__Chordata;c__Actinopteri;o__Gobiiformes;f__Eleotridae;g__Oxyeleotris	Prey - Fish	2	0	0	0	0	0	0	0	1737	0	0	0	0	0	3	0	0	0	0	0	2	0	0	0	0	0	0	0	0	0	0	0	0	0	0	0	0	0	0	0	0	0	0	0	0	0	0	0	0	0	0	0	0	0	0	0	0	0	0	0	0	0	0	0	0	0	1742
p__Chordata;c__Actinopteri;o__Gobiiformes;f__Eleotridae;g__Oxyeleotris;s__marmorata	Prey - Fish	1	0	0	3	0	0	0	0	0	0	0	0	0	0	0	0	0	0	0	0	0	0	0	0	0	0	0	0	0	0	0	0	0	0	0	0	0	0	0	0	0	0	0	0	0	0	0	0	0	0	0	0	0	0	0	0	0	0	0	0	0	0	0	0	0	0	3
p__Chordata;c__Actinopteri;o__Gobiiformes;f__Gobiidae	Prey - Fish	23	0	0	4	0	0	0	0	6	0	0	0	0	0	3	0	0	3	0	0	2	0	0	2	0	0	0	0	0	77716	78901	56864	15091	18366	62	67	23	14	36	4	8	39	59	21	76	16	25	9	13	41	5	21	8	14	0	36	24	6	0	0	0	0	0	0	0	0	247585
p__Chordata;c__Actinopteri;o__Osteoglossiformes	Prey - Fish	1	0	0	0	0	0	0	0	0	0	0	0	0	0	0	0	0	11	0	0	0	0	0	0	0	0	0	0	0	0	0	0	0	0	0	0	0	0	0	0	0	0	0	0	0	0	0	0	0	0	0	0	0	0	0	0	0	0	0	0	0	0	0	0	0	0	11
p__Chordata;c__Actinopteri;o__Siluriformes	Prey - Fish	1	0	0	0	0	3	0	0	0	0	0	0	0	0	0	0	0	0	0	0	0	0	0	0	0	0	0	0	0	0	0	0	0	0	0	0	0	0	0	0	0	0	0	0	0	0	0	0	0	0	0	0	0	0	0	0	0	0	0	0	0	0	0	0	0	0	3
p__Chordata;c__Actinopteri;o__Siluriformes;f__Bagridae;g__Hemibagrus	Prey - Fish	5	0	504	0	0	155	0	2	0	0	0	0	0	0	0	0	0	0	0	0	0	0	0	0	0	0	0	2	0	0	0	0	0	0	0	0	0	0	0	0	0	0	0	0	0	0	0	0	0	0	0	0	0	0	0	0	0	0	0	0	0	0	0	0	0	0	663
p__Chordata;c__Actinopteri;o__Siluriformes;f__Plotosidae;g__Paraplotosus	Prey - Fish	1	0	0	0	0	0	0	0	0	0	0	0	0	0	0	0	0	0	0	0	0	0	0	0	0	4	0	0	0	0	0	0	0	0	0	0	0	0	0	0	0	0	0	0	0	0	0	0	0	0	0	0	0	0	0	0	0	0	0	0	0	0	0	0	0	0	4
p__Chordata;c__Actinopteri;o__Siluriformes;f__Plotosidae;g__Paraplotosus;s__albilabris	Prey - Fish	35	20767	214127	135537	7345	43021	148	133	154	52	47	83	62	123	139	85	38	62	54	97	86	64	13	65	21116	348	45	35	22	0	0	0	0	0	0	0	0	0	0	0	0	0	0	0	0	0	0	0	0	0	0	0	0	0	0	0	0	0	0	0	0	0	0	0	0	0	443868
p__Arthropoda;c__Insecta;o__Diptera	Prey - Insect	2	0	0	0	0	0	0	0	0	0	0	0	0	0	0	0	0	0	0	0	0	0	0	0	0	0	0	0	0	0	0	0	0	0	0	0	0	0	0	0	4	0	0	0	0	0	0	0	0	0	0	0	0	0	0	2	0	0	0	0	0	0	0	0	0	0	6
p__Arthropoda;c__Insecta;o__Diptera;f__Culicidae	Prey - Insect	2	0	0	0	0	0	0	0	0	0	0	0	0	0	0	0	0	0	0	0	0	0	0	0	0	0	0	0	0	0	0	0	0	0	0	0	0	0	0	0	0	0	0	0	0	0	0	0	180	0	0	0	0	0	0	0	0	0	0	0	0	0	0	0	0	0	180
p__Arthropoda;c__Insecta;o__Lepidoptera;f__Tineidae	Prey - Insect	2	0	0	0	0	0	0	0	0	0	0	0	0	0	0	0	0	0	0	0	0	0	0	0	0	0	0	0	0	0	0	0	0	0	0	0	0	0	0	0	0	29	0	44	0	0	0	0	0	0	0	0	0	0	0	0	0	0	0	0	0	0	0	0	0	0	73
p__Chordata;c__Lepidosauria;o__Squamata	Prey - Reptile	7	982	10931	8679	472	2833	5	11	7	2	3	2	2	11	9	2	0	7	0	6	8	0	0	0	5	0	6	3	2	0	0	0	0	0	0	0	0	0	0	0	0	0	0	0	0	0	0	0	0	0	0	0	0	0	0	0	0	0	0	0	0	0	0	0	0	0	23988
p__Chordata;c__Lepidosauria;o__Squamata;f__Acrochordidae;g__Acrochordus;s__granulatus	Prey - Reptile	13	0	0	0	0	0	0	0	0	0	0	0	0	0	0	0	0	0	0	0	0	0	0	0	0	0	0	0	0	0	0	143048	0	0	87	0	0	25	0	0	23	0	0	47	0	3	0	0	37	0	0	32	0	0	5	0	0	13	0	0	0	0	0	0	0	0	143320
p__Chordata;c__Lepidosauria;o__Squamata;f__Gekkonidae;g__Hemidactylus;s__frenatus	Prey - Reptile	1	0	0	12	0	0	0	0	6	0	0	0	0	14	2281	0	0	0	0	0	7	0	0	0	0	0	0	0	6	0	0	0	0	0	0	0	0	0	0	0	0	0	0	0	0	0	0	0	0	0	0	0	0	0	0	0	0	0	0	0	0	0	0	0	0	0	2326
p__Chordata;c__Mammalia;o__Eulipotyphla;f__Soricidae;g__Crocidura;s__fuliginosa	Prey - Rodent	1	0	57	5	4	164	0	0	0	0	0	0	0	0	0	0	0	0	0	0	0	0	0	0	0	0	0	0	0	0	0	0	0	0	0	0	0	0	0	0	0	0	0	0	0	0	0	0	0	0	0	0	0	0	0	0	0	0	0	0	0	0	0	0	0	0	230
p__Chordata;c__Mammalia;o__Rodentia;f__Muridae	Prey - Rodent	11	2	0	11	0	25	13	108	47	0	0	0	0	0	5	0	40	60	0	3	9	0	0	0	0	12	0	0	6	0	0	0	0	0	0	0	0	0	0	0	0	0	0	0	0	0	0	0	0	0	0	0	0	0	0	0	0	0	0	0	0	0	0	0	0	0	341
p__Chordata;c__Mammalia;o__Rodentia;f__Muridae;g__Bandicota	Prey - Rodent	82	37	34	247	66	297	24359	93919	54003	29	27	78	29	70	97	2046	32187	40194	11	71	88	19	15	69	3	0	59	1571	478	4573	74656	41594	10153	212703	120757	20759	156934	93312	20	38	27	12	209	74	27	22	0	17	97	11	11	79	8932	12	14	13	40	24	58	0	19	76	5	36	5901	17063	1018381
p__Chordata;c__Mammalia;o__Rodentia;f__Muridae;g__Bandicota;s__bengalensis	Prey - Rodent	1	0	0	0	0	0	0	0	0	0	0	0	0	0	0	0	0	0	0	0	0	0	0	0	0	0	0	0	0	0	0	0	0	0	0	0	0	0	0	0	0	0	0	0	0	0	0	0	0	0	0	0	2	0	0	0	0	0	0	0	0	0	0	0	0	0	2
p__Chordata;c__Mammalia;o__Rodentia;f__Muridae;g__Maxomys	Prey - Rodent	6	916	4654	495	3194	15390	12	54	15	0	5	2	4	7	0	10	14	14	5	18	7	5	0	0	0	0	4	10	0	0	0	0	0	0	0	0	0	0	0	0	0	0	0	0	0	0	0	0	0	0	0	0	0	0	0	0	0	0	0	0	0	0	0	0	0	0	24835
p__Chordata;c__Mammalia;o__Rodentia;f__Muridae;g__Maxomys;s__surifer	Prey - Rodent	1	0	0	0	0	98	0	0	0	0	0	0	0	0	0	0	0	0	0	0	0	0	0	0	0	0	0	0	0	0	0	0	0	0	0	0	0	0	0	0	0	0	0	0	0	0	0	0	0	0	0	0	0	0	0	0	0	0	0	0	0	0	0	0	0	0	98
p__Chordata;c__Mammalia;o__Rodentia;f__Muridae;g__Mus;s__caroli	Prey - Rodent	7	0	5	3	35	39	2439	6186	4639	5	0	4	2	0	6	0	0	6	0	0	7	0	3	0	0	0	0	0	0	0	0	0	0	0	0	0	0	0	0	0	0	0	0	0	0	0	0	0	0	0	0	0	0	0	0	0	0	0	0	0	0	0	0	0	0	0	13379
